post_id,shortcode,image_filename,image_path,label,description,hashtags,tags_list,combined_text,likes_count,comments_count,taken_at_timestamp,is_video,char_count,word_count,clean_text,predicted_label,probability_pavbhaji,confidence_pct,prediction_status
1854324896281592747,Bm74qslBwOr,39192398_1120128498137782_1781545369159598080_n.jpg,images/0/39192398_1120128498137782_1781545369159598080_n.jpg,0,"Rakhi special ❤️ Homemade Pav Bhaji 😊

Follow@foodie_punjaban

#rakhi #2018 #foodie #foodblogger #foodlover #foodtalk #foodieforlife #foodporn #nomnom #saharanpur #mazzaaagaya #lovedit #homesweethome #festivalmodeon #bhaibehen #pavbhaji #tasteatitsbest #moms #momisthebest",#rakhi #nomnom #saharanpur #foodlover #2018 #homesweethome #foodblogger #tasteatitsbest #moms #foodie #mazzaaagaya #festivalmodeon #bhaibehen #pavbhaji #lovedit #foodporn #foodieforlife #momisthebest #foodtalk,"['rakhi', 'nomnom', 'saharanpur', 'foodlover', '2018', 'homesweethome', 'foodblogger', 'tasteatitsbest', 'moms', 'foodie', 'mazzaaagaya', 'festivalmodeon', 'bhaibehen', 'pavbhaji', 'lovedit', 'foodporn', 'foodieforlife', 'momisthebest', 'foodtalk']","Rakhi special ❤️ Homemade Pav Bhaji 😊

Follow@foodie_punjaban

#rakhi #2018 #foodie #foodblogger #foodlover #foodtalk #foodieforlife #foodporn #nomnom #saharanpur #mazzaaagaya #lovedit #homesweethome #festivalmodeon #bhaibehen #pavbhaji #tasteatitsbest #moms #momisthebest #rakhi #nomnom #saharanpur #foodlover #2018 #homesweethome #foodblogger #tasteatitsbest #moms #foodie #mazzaaagaya #festivalmodeon #bhaibehen #pavbhaji #lovedit #foodporn #foodieforlife #momisthebest #foodtalk",30,0,1535272775,False,482,46,rakhi special homemade follow rakhi 2018 foodie foodblogger foodlover foodtalk foodieforlife foodporn nomnom saharanpur mazzaaagaya lovedit homesweethome festivalmodeon bhaibehen tasteatitsbest moms momisthebest rakhi nomnom saharanpur foodlover 2018 homesweethome foodblogger tasteatitsbest moms foodie mazzaaagaya festivalmodeon bhaibehen lovedit foodporn foodieforlife momisthebest foodtalk,1,0.6496,64.96,MISCLASSIFIED
1854310214187297306,Bm71VC0Ayoa,39744547_231289940899288_5133092913563041792_n.jpg,images/0/39744547_231289940899288_5133092913563041792_n.jpg,0,#cooking #pavbhaji #somethingnew,#pavbhaji #cooking #somethingnew,"['pavbhaji', 'cooking', 'somethingnew']",#cooking #pavbhaji #somethingnew #pavbhaji #cooking #somethingnew,9,1,1535271024,False,65,6,cooking somethingnew cooking somethingnew,1,0.6313,63.13,MISCLASSIFIED
1854252261238041687,Bm7oJt7DuxX,39352000_273172306839771_6824808530625691648_n.jpg,images/0/39352000_273172306839771_6824808530625691648_n.jpg,0,"May the bond between Siblings grow stronger n stronger year by year. Njoy the most natkhat and blessed relation in this world to the fullest. 
Team #DhabaCafe wishes you all a very Happy Rakshabandhan!! . . 
#Festival #DhabaCafe #ChaatChaToRe #PizzaDaDhabaCafe #PureVeg #Hygienic #Indian #FastFood #PavBhaji #ChaatLove #KatoriChaat #PizzaLove #KebabiPizza #Mocktails #LassiChatore #PocketFriendly #Cafe #RaymondShowroomLane #Zone2 #MPNagar",#Festival #ChaatChaToRe #PizzaDaDhabaCafe #LassiChatore #PizzaLove #Hygienic #Zone2 #FastFood #Mocktails #DhabaCafe #Indian #Cafe #PureVeg #RaymondShowroomLane #PocketFriendly #MPNagar #ChaatLove #KebabiPizza #PavBhaji #KatoriChaat,"['Festival', 'ChaatChaToRe', 'PizzaDaDhabaCafe', 'LassiChatore', 'PizzaLove', 'Hygienic', 'Zone2', 'FastFood', 'Mocktails', 'DhabaCafe', 'Indian', 'Cafe', 'PureVeg', 'RaymondShowroomLane', 'PocketFriendly', 'MPNagar', 'ChaatLove', 'KebabiPizza', 'PavBhaji', 'KatoriChaat']","May the bond between Siblings grow stronger n stronger year by year. Njoy the most natkhat and blessed relation in this world to the fullest. 
Team #DhabaCafe wishes you all a very Happy Rakshabandhan!! . . 
#Festival #DhabaCafe #ChaatChaToRe #PizzaDaDhabaCafe #PureVeg #Hygienic #Indian #FastFood #PavBhaji #ChaatLove #KatoriChaat #PizzaLove #KebabiPizza #Mocktails #LassiChatore #PocketFriendly #Cafe #RaymondShowroomLane #Zone2 #MPNagar #Festival #ChaatChaToRe #PizzaDaDhabaCafe #LassiChatore #PizzaLove #Hygienic #Zone2 #FastFood #Mocktails #DhabaCafe #Indian #Cafe #PureVeg #RaymondShowroomLane #PocketFriendly #MPNagar #ChaatLove #KebabiPizza #PavBhaji #KatoriChaat",15,0,1535264116,False,671,76,may the bond between siblings grow stronger stronger year by year njoy the most natkhat and blessed relation in this world to the fullest team dhabacafe wishes you all very happy rakshabandhan festival dhabacafe chaatchatore pizzadadhabacafe pureveg hygienic indian fastfood chaatlove katorichaat pizzalove kebabipizza mocktails lassichatore pocketfriendly cafe raymondshowroomlane zone2 mpnagar festival chaatchatore pizzadadhabacafe lassichatore pizzalove hygienic zone2 fastfood mocktails dhabacafe indian cafe pureveg raymondshowroomlane pocketfriendly mpnagar chaatlove kebabipizza katorichaat,0,0.2462,75.38,CORRECT
1851004223425121350,BmwFoi_AIxG,39161065_556518731449294_3038154097325768704_n.jpg,images/1/39161065_556518731449294_3038154097325768704_n.jpg,1,"Pav bhaji or butter bhaji🙉
Jo bhi we call it but it's yummy 🤤
.
⬇️ ⬇️ For more follow ⬇️ ⬇️
@snackshub.foodie @snackshub.foodie 
@snackshub.foodie @snackshub.foodie 
@snackshub.foodie @snackshub.foodie 
@snackshub.foodie @snackshub.foodie .
.
#pavbhaji #indianfood #mumbai #foodporn #delhi #food #foodie #yummy #foodphotography #like #mumbaifoodie #india #tasty #streetfood #marathi #pune #foodgasm #foodlover #dost #sodelhi #inspiration #lovestory #delhifoodblogger #pyaar #mumbaikars #bandra #bandstand #dharavi",#foodphotography #mumbai #foodie #mumbaifoodie #indianfood #foodlover #mumbaikars #lovestory #bandstand #foodporn #like #pune #india #pyaar #bandra #inspiration #yummy #dost #delhifoodblogger #foodgasm #food #tasty #streetfood #pavbhaji #delhi #dharavi #sodelhi #marathi,"['foodphotography', 'mumbai', 'foodie', 'mumbaifoodie', 'indianfood', 'foodlover', 'mumbaikars', 'lovestory', 'bandstand', 'foodporn', 'like', 'pune', 'india', 'pyaar', 'bandra', 'inspiration', 'yummy', 'dost', 'delhifoodblogger', 'foodgasm', 'food', 'tasty', 'streetfood', 'pavbhaji', 'delhi', 'dharavi', 'sodelhi', 'marathi']","Pav bhaji or butter bhaji🙉
Jo bhi we call it but it's yummy 🤤
.
⬇️ ⬇️ For more follow ⬇️ ⬇️
@snackshub.foodie @snackshub.foodie 
@snackshub.foodie @snackshub.foodie 
@snackshub.foodie @snackshub.foodie 
@snackshub.foodie @snackshub.foodie .
.
#pavbhaji #indianfood #mumbai #foodporn #delhi #food #foodie #yummy #foodphotography #like #mumbaifoodie #india #tasty #streetfood #marathi #pune #foodgasm #foodlover #dost #sodelhi #inspiration #lovestory #delhifoodblogger #pyaar #mumbaikars #bandra #bandstand #dharavi #foodphotography #mumbai #foodie #mumbaifoodie #indianfood #foodlover #mumbaikars #lovestory #bandstand #foodporn #like #pune #india #pyaar #bandra #inspiration #yummy #dost #delhifoodblogger #foodgasm #food #tasty #streetfood #pavbhaji #delhi #dharavi #sodelhi #marathi",16,0,1534876920,False,784,88,or butter jo bhi we call it but it yummy for more follow foodie foodie foodie foodie foodie foodie foodie foodie indianfood mumbai foodporn delhi food foodie yummy foodphotography like mumbaifoodie india tasty streetfood marathi pune foodgasm foodlover dost sodelhi inspiration lovestory delhifoodblogger pyaar mumbaikars bandra bandstand dharavi foodphotography mumbai foodie mumbaifoodie indianfood foodlover mumbaikars lovestory bandstand foodporn like pune india pyaar bandra inspiration yummy dost delhifoodblogger foodgasm food tasty streetfood delhi dharavi sodelhi marathi,1,0.7268,72.68,CORRECT
1852486536411501040,Bm1WrCiAFHw,39525726_438548496655066_4753851892646281216_n.jpg,images/0/39525726_438548496655066_4753851892646281216_n.jpg,0,"#pavbhaji topped with cheese.

Pav bhaji is a popular dish from India, consisting of a thick vegetable curry and is served with a soft bread roll.
And...
My all time fave drink besides chai in India... Watermelon juice 😊
#vegetarian#exploremumbai#solotravel#glt
#lunch #travel #mumbai #RamKrishna#food #eatout #restaurant @sheisnotlost #instafood#love#passionpassport #fastfood#mumbaifood #indianfood #india#travelgram#food52grams #tasty#foodie",#mumbai #foodie #indianfood #lunch #passionpassport #travel #vegetarian #eatout #instafood #solotravel #fastfood #RamKrishna #india #love #food52grams #restaurant #mumbaifood #food #tasty #travelgram #pavbhaji #exploremumbai #glt,"['mumbai', 'foodie', 'indianfood', 'lunch', 'passionpassport', 'travel', 'vegetarian', 'eatout', 'instafood', 'solotravel', 'fastfood', 'RamKrishna', 'india', 'love', 'food52grams', 'restaurant', 'mumbaifood', 'food', 'tasty', 'travelgram', 'pavbhaji', 'exploremumbai', 'glt']","#pavbhaji topped with cheese.

Pav bhaji is a popular dish from India, consisting of a thick vegetable curry and is served with a soft bread roll.
And...
My all time fave drink besides chai in India... Watermelon juice 😊
#vegetarian#exploremumbai#solotravel#glt
#lunch #travel #mumbai #RamKrishna#food #eatout #restaurant @sheisnotlost #instafood#love#passionpassport #fastfood#mumbaifood #indianfood #india#travelgram#food52grams #tasty#foodie #mumbai #foodie #indianfood #lunch #passionpassport #travel #vegetarian #eatout #instafood #solotravel #fastfood #RamKrishna #india #love #food52grams #restaurant #mumbaifood #food #tasty #travelgram #pavbhaji #exploremumbai #glt",63,3,1535053625,False,674,75,topped with cheese is popular dish from india consisting of thick vegetable curry and is served with soft bread roll and my all time fave drink besides chai in india watermelon juice vegetarianexploremumbaisolotravelglt lunch travel mumbai ramkrishnafood eatout restaurant instafoodlovepassionpassport fastfoodmumbaifood indianfood indiatravelgramfood52grams tastyfoodie mumbai foodie indianfood lunch passionpassport travel vegetarian eatout instafood solotravel fastfood ramkrishna india love food52grams restaurant mumbaifood food tasty travelgram exploremumbai glt,1,0.5072,50.72,MISCLASSIFIED
1853085109035247923,Bm3exaunKkz,39378694_2186656501618843_8748965522890031104_n.jpg,images/1/39378694_2186656501618843_8748965522890031104_n.jpg,1,"The next time ur around Crawford market and hungry after a long shopping session give the old favourite Badshah a miss and satiate your hungerpangs at Sadanand .. Trust me that the food is 10 times better in terms of taste and freshness and this is coming from someone who used to love the food and juices at Badshah .. In frame is the khada pav bhaji which was bang on the money in terms of flavour and spices 👍👍 , Happy Friday everyone ♥️♥️ #foodmaniacindia #foodtalkindia #nycfoodie #mumbaifoodlovers #illgrammers #flashesofdelight #mumbaifood  #foodofmumbai #mumbaifoodie #mymumbai #hautecuisines #things2doinmumbai 
#foodoftheday #shutuploudly #kindcomments #bhgfood #whatiate #shoottokill #jj_mobilephotography #photographers_of_india #culturetrip #onmytable #gastropost#eeeeats #delhifoodie#mumbai_igers  #pavbhaji #bombay#fridaymood #soi",#foodofmumbai #bhgfood #foodmaniacindia #delhifoodie #fridaymood #photographers_of_india #hautecuisines #mumbaifoodie #shutuploudly #shoottokill #whatiate #mymumbai #soi #nycfoodie #things2doinmumbai #gastropost #mumbai_igers #mumbaifoodlovers #onmytable #eeeeats #jj_mobilephotography #mumbaifood #bombay #foodoftheday #illgrammers #culturetrip #pavbhaji #kindcomments #foodtalkindia #flashesofdelight,"['foodofmumbai', 'bhgfood', 'foodmaniacindia', 'delhifoodie', 'fridaymood', 'photographers_of_india', 'hautecuisines', 'mumbaifoodie', 'shutuploudly', 'shoottokill', 'whatiate', 'mymumbai', 'soi', 'nycfoodie', 'things2doinmumbai', 'gastropost', 'mumbai_igers', 'mumbaifoodlovers', 'onmytable', 'eeeeats', 'jj_mobilephotography', 'mumbaifood', 'bombay', 'foodoftheday', 'illgrammers', 'culturetrip', 'pavbhaji', 'kindcomments', 'foodtalkindia', 'flashesofdelight']","The next time ur around Crawford market and hungry after a long shopping session give the old favourite Badshah a miss and satiate your hungerpangs at Sadanand .. Trust me that the food is 10 times better in terms of taste and freshness and this is coming from someone who used to love the food and juices at Badshah .. In frame is the khada pav bhaji which was bang on the money in terms of flavour and spices 👍👍 , Happy Friday everyone ♥️♥️ #foodmaniacindia #foodtalkindia #nycfoodie #mumbaifoodlovers #illgrammers #flashesofdelight #mumbaifood  #foodofmumbai #mumbaifoodie #mymumbai #hautecuisines #things2doinmumbai 
#foodoftheday #shutuploudly #kindcomments #bhgfood #whatiate #shoottokill #jj_mobilephotography #photographers_of_india #culturetrip #onmytable #gastropost#eeeeats #delhifoodie#mumbai_igers  #pavbhaji #bombay#fridaymood #soi #foodofmumbai #bhgfood #foodmaniacindia #delhifoodie #fridaymood #photographers_of_india #hautecuisines #mumbaifoodie #shutuploudly #shoottokill #whatiate #mymumbai #soi #nycfoodie #things2doinmumbai #gastropost #mumbai_igers #mumbaifoodlovers #onmytable #eeeeats #jj_mobilephotography #mumbaifood #bombay #foodoftheday #illgrammers #culturetrip #pavbhaji #kindcomments #foodtalkindia #flashesofdelight",637,12,1535124981,False,1248,142,the next time ur around crawford market and hungry after long shopping session give the old favourite badshah miss and satiate your hungerpangs at sadanand trust me that the food is 10 times better in terms of taste and freshness and this is coming from someone who used to love the food and juices at badshah in frame is the khada which was bang on the money in terms of flavour and spices happy friday everyone foodmaniacindia foodtalkindia nycfoodie mumbaifoodlovers illgrammers flashesofdelight mumbaifood foodofmumbai mumbaifoodie mymumbai hautecuisines things2doinmumbai foodoftheday shutuploudly kindcomments bhgfood whatiate shoottokill jj mobilephotography photographers of india culturetrip onmytable gastroposteeeeats delhifoodiemumbai igers bombayfridaymood soi foodofmumbai bhgfood foodmaniacindia delhifoodie fridaymood photographers of india hautecuisines mumbaifoodie shutuploudly shoottokill whatiate mymumbai soi nycfoodie things2doinmumbai gastropost mumbai igers mumbaifoodlovers onmytable eeeeats jj mobilephotography mumbaifood bombay foodoftheday illgrammers culturetrip kindcomments foodtalkindia flashesofdelight,0,0.265,73.5,MISCLASSIFIED
1851337753793378462,BmxReDWH7ie,39138498_239937570027979_3896829174895083520_n.jpg,images/0/39138498_239937570027979_3896829174895083520_n.jpg,0,"Cheating the diet today also 😑 with these....⬅️ Momos from Hari momos and pavbhaji from Lal chat bhandar located in C1-A  MarketJanakpuri
.
.
.
Taste- *Momos- thick layer,less filling but tasty..
*Pavbhaji- buttery bhaji 😋 ,spicy chutney, tangy onions and softbuns.. It was yumm.
.
.
.
PS- The extremely hot weather spoiled the mealout experience...
.
.
.Follow @mad_over_food for more true reviews.
.
.
.
#food#foodies#love for food#food bloggers#lovetoeat#snacks#pavbhaji
#eveningsnacks#streetfood#momos#hotweather#spicyfood#indianfood",#momos #spicyfood #food #love #indianfood #streetfood #pavbhaji #lovetoeat #foodies #hotweather #snacks #eveningsnacks,"['momos', 'spicyfood', 'food', 'love', 'indianfood', 'streetfood', 'pavbhaji', 'lovetoeat', 'foodies', 'hotweather', 'snacks', 'eveningsnacks']","Cheating the diet today also 😑 with these....⬅️ Momos from Hari momos and pavbhaji from Lal chat bhandar located in C1-A  MarketJanakpuri
.
.
.
Taste- *Momos- thick layer,less filling but tasty..
*Pavbhaji- buttery bhaji 😋 ,spicy chutney, tangy onions and softbuns.. It was yumm.
.
.
.
PS- The extremely hot weather spoiled the mealout experience...
.
.
.Follow @mad_over_food for more true reviews.
.
.
.
#food#foodies#love for food#food bloggers#lovetoeat#snacks#pavbhaji
#eveningsnacks#streetfood#momos#hotweather#spicyfood#indianfood #momos #spicyfood #food #love #indianfood #streetfood #pavbhaji #lovetoeat #foodies #hotweather #snacks #eveningsnacks",29,1,1534916680,False,656,85,cheating the diet today also with these momos from hari momos and from lal chat bhandar located in c1 marketjanakpuri taste momos thick layer less filling but tasty buttery spicy chutney tangy onions and softbuns it was yumm ps the extremely hot weather spoiled the mealout experience follow for more true reviews foodfoodieslove for foodfood bloggerslovetoeatsnacks eveningsnacksstreetfoodmomoshotweatherspicyfoodindianfood momos spicyfood food love indianfood streetfood lovetoeat foodies hotweather snacks eveningsnacks,1,0.878,87.8,MISCLASSIFIED
1851804975334651140,Bmy7tBUH3UE,39071358_1873968332721460_8593465879751032832_n.jpg,images/1/39071358_1873968332721460_8593465879751032832_n.jpg,1,#foodie #pavbhaji #akabhajiraomastini #eidmubarak #eidaladha #vacationmode #iphone7 #foodporn #foodfood #bollywoodthemed #lovedit #bolgappadubai #yippieeee🤣 #dubai #visitdubai #dubaiparksandresorts #riverlanddubai,#yippieeee #bolgappadubai #riverlanddubai #eidmubarak #foodie #pavbhaji #foodfood #bollywoodthemed #lovedit #vacationmode #foodporn #dubai #visitdubai #dubaiparksandresorts #iphone7 #eidaladha #akabhajiraomastini,"['yippieeee', 'bolgappadubai', 'riverlanddubai', 'eidmubarak', 'foodie', 'pavbhaji', 'foodfood', 'bollywoodthemed', 'lovedit', 'vacationmode', 'foodporn', 'dubai', 'visitdubai', 'dubaiparksandresorts', 'iphone7', 'eidaladha', 'akabhajiraomastini']",#foodie #pavbhaji #akabhajiraomastini #eidmubarak #eidaladha #vacationmode #iphone7 #foodporn #foodfood #bollywoodthemed #lovedit #bolgappadubai #yippieeee🤣 #dubai #visitdubai #dubaiparksandresorts #riverlanddubai #yippieeee #bolgappadubai #riverlanddubai #eidmubarak #foodie #pavbhaji #foodfood #bollywoodthemed #lovedit #vacationmode #foodporn #dubai #visitdubai #dubaiparksandresorts #iphone7 #eidaladha #akabhajiraomastini,31,0,1534972377,False,426,34,foodie akabhajiraomastini eidmubarak eidaladha vacationmode iphone7 foodporn foodfood bollywoodthemed lovedit bolgappadubai yippieeee dubai visitdubai dubaiparksandresorts riverlanddubai yippieeee bolgappadubai riverlanddubai eidmubarak foodie foodfood bollywoodthemed lovedit vacationmode foodporn dubai visitdubai dubaiparksandresorts iphone7 eidaladha akabhajiraomastini,0,0.4909,50.91,MISCLASSIFIED
1575960557620940527,BXe78cBBc7v,20590186_1136380956463100_8896999366112313344_n.jpg,images/1/20590186_1136380956463100_8896999366112313344_n.jpg,1,#pavbhaji #pavbhajilove,#pavbhaji #pavbhajilove,"['pavbhaji', 'pavbhajilove']",#pavbhaji #pavbhajilove #pavbhaji #pavbhajilove,10,1,1502089160,False,47,4,,1,0.5229,52.29,CORRECT
1852370323580807579,Bm08P65gmmb,39242129_227300597947996_2020018089625649152_n.jpg,images/0/39242129_227300597947996_2020018089625649152_n.jpg,0,"So this special dish was prepared yesterday evening and is dedicated to all those vegetarians out there! Known on Indian streets as Pav Bhaji, its a medley of steamed vegetables, mashed and cooked with onions, tomatoes and peppers on slow fire with a mix of spice powders, fresh ginger-garlic and with a generous dollop of butter! The best way to enjoy this is with grilled and buttered pav or burger like buns and some fresh onion slices on the side. If you like it spicy, like I do, add lots of fresh green chillies and dry red chillies into the bhaji dish. 
It always takes me back to my university days in Pune (a town outside Mumbai) where this dish was readily available at our university canteen, road side stalls and all fast food restaurants. #foodmemories #food #pavbhaji #homemade #cookingclass #cookery #cooking #indianfood #surreyfood #muddystilettos #goodfood #surrey #vegetarian #eat #delicious #foodie😋 #streetfood #spices #curry",#surreyfood #spices #muddystilettos #food #eat #surrey #cookery #vegetarian #pavbhaji #foodie #streetfood #cooking #curry #foodmemories #delicious #indianfood #cookingclass #homemade #goodfood,"['surreyfood', 'spices', 'muddystilettos', 'food', 'eat', 'surrey', 'cookery', 'vegetarian', 'pavbhaji', 'foodie', 'streetfood', 'cooking', 'curry', 'foodmemories', 'delicious', 'indianfood', 'cookingclass', 'homemade', 'goodfood']","So this special dish was prepared yesterday evening and is dedicated to all those vegetarians out there! Known on Indian streets as Pav Bhaji, its a medley of steamed vegetables, mashed and cooked with onions, tomatoes and peppers on slow fire with a mix of spice powders, fresh ginger-garlic and with a generous dollop of butter! The best way to enjoy this is with grilled and buttered pav or burger like buns and some fresh onion slices on the side. If you like it spicy, like I do, add lots of fresh green chillies and dry red chillies into the bhaji dish. 
It always takes me back to my university days in Pune (a town outside Mumbai) where this dish was readily available at our university canteen, road side stalls and all fast food restaurants. #foodmemories #food #pavbhaji #homemade #cookingclass #cookery #cooking #indianfood #surreyfood #muddystilettos #goodfood #surrey #vegetarian #eat #delicious #foodie😋 #streetfood #spices #curry #surreyfood #spices #muddystilettos #food #eat #surrey #cookery #vegetarian #pavbhaji #foodie #streetfood #cooking #curry #foodmemories #delicious #indianfood #cookingclass #homemade #goodfood",8,1,1535039771,False,1138,173,so this special dish was prepared yesterday evening and is dedicated to all those vegetarians out there known on indian streets as its medley of steamed vegetables mashed and cooked with onions tomatoes and peppers on slow fire with mix of spice powders fresh ginger garlic and with generous dollop of butter the best way to enjoy this is with grilled and buttered or burger like buns and some fresh onion slices on the side if you like it spicy like do add lots of fresh green chillies and dry red chillies into the dish it always takes me back to my university days in pune town outside mumbai where this dish was readily available at our university canteen road side stalls and all fast food restaurants foodmemories food homemade cookingclass cookery cooking indianfood surreyfood muddystilettos goodfood surrey vegetarian eat delicious foodie streetfood spices curry surreyfood spices muddystilettos food eat surrey cookery vegetarian foodie streetfood cooking curry foodmemories delicious indianfood cookingclass homemade goodfood,1,0.8247,82.47,MISCLASSIFIED
1850934146933687951,Bmv1szKn4aP,39028851_272170493391426_1607096094087446528_n.jpg,images/1/39028851_272170493391426_1607096094087446528_n.jpg,1,#pavbhaji,#pavbhaji,['pavbhaji'],#pavbhaji #pavbhaji,1,0,1534868566,False,19,2,,1,0.5446,54.46,CORRECT
1850819990987532223,BmvbvnKAOe_,39157404_1057217771114951_3144189551304507392_n.jpg,images/0/39157404_1057217771114951_3144189551304507392_n.jpg,0,"The only man worth chasing this summer is the Ice Cream man XD😂
.
.
.
.
Which is your favourite flavour in ice creams? Comment below!!
.
.
.
.
Follow me on Fb and Zomato- Bonappetit_1
#shotononeplus #pavbhaji #dwarka #vforveggie #dillifoodies #saadidilli #mumbaifoodies #indianfoodie #hungrydilliwaali #delhifoodwalks #mumbaiigers #indianstreetfood #delhifoodguide #delhitimes #delhibloggers #delhistreetfood #mumbaistreetfood #indianfoodiye #mumbaifoodiye #foodiye #chaibreak #canada_gram #canada #teatime☕ #indian_photography #maggie #indianstreetfood #icecreamlover #icecream #bonappetit",#mumbaistreetfood #icecream #mumbaiigers #shotononeplus #indianfoodie #indianstreetfood #vforveggie #icecreamlover #saadidilli #canada_gram #mumbaifoodies #chaibreak #foodiye #maggie #delhibloggers #delhifoodwalks #dillifoodies #hungrydilliwaali #☕ #delhitimes #bonappetit #mumbaifoodiye #dwarka #delhistreetfood #indian_photography #pavbhaji #indianfoodiye #delhifoodguide #canada,"['mumbaistreetfood', 'icecream', 'mumbaiigers', 'shotononeplus', 'indianfoodie', 'indianstreetfood', 'vforveggie', 'icecreamlover', 'saadidilli', 'canada_gram', 'mumbaifoodies', 'chaibreak', 'foodiye', 'maggie', 'delhibloggers', 'delhifoodwalks', 'dillifoodies', 'hungrydilliwaali', '☕', 'delhitimes', 'bonappetit', 'mumbaifoodiye', 'dwarka', 'delhistreetfood', 'indian_photography', 'pavbhaji', 'indianfoodiye', 'delhifoodguide', 'canada']","The only man worth chasing this summer is the Ice Cream man XD😂
.
.
.
.
Which is your favourite flavour in ice creams? Comment below!!
.
.
.
.
Follow me on Fb and Zomato- Bonappetit_1
#shotononeplus #pavbhaji #dwarka #vforveggie #dillifoodies #saadidilli #mumbaifoodies #indianfoodie #hungrydilliwaali #delhifoodwalks #mumbaiigers #indianstreetfood #delhifoodguide #delhitimes #delhibloggers #delhistreetfood #mumbaistreetfood #indianfoodiye #mumbaifoodiye #foodiye #chaibreak #canada_gram #canada #teatime☕ #indian_photography #maggie #indianstreetfood #icecreamlover #icecream #bonappetit #mumbaistreetfood #icecream #mumbaiigers #shotononeplus #indianfoodie #indianstreetfood #vforveggie #icecreamlover #saadidilli #canada_gram #mumbaifoodies #chaibreak #foodiye #maggie #delhibloggers #delhifoodwalks #dillifoodies #hungrydilliwaali #☕ #delhitimes #bonappetit #mumbaifoodiye #dwarka #delhistreetfood #indian_photography #pavbhaji #indianfoodiye #delhifoodguide #canada",140,8,1534854957,False,972,97,the only man worth chasing this summer is the ice cream man xd which is your favourite flavour in ice creams comment below follow me on fb and zomato bonappetit shotononeplus dwarka vforveggie dillifoodies saadidilli mumbaifoodies indianfoodie hungrydilliwaali delhifoodwalks mumbaiigers indianstreetfood delhifoodguide delhitimes delhibloggers delhistreetfood mumbaistreetfood indianfoodiye mumbaifoodiye foodiye chaibreak canada gram canada teatime indian photography maggie indianstreetfood icecreamlover icecream bonappetit mumbaistreetfood icecream mumbaiigers shotononeplus indianfoodie indianstreetfood vforveggie icecreamlover saadidilli canada gram mumbaifoodies chaibreak foodiye maggie delhibloggers delhifoodwalks dillifoodies hungrydilliwaali delhitimes bonappetit mumbaifoodiye dwarka delhistreetfood indian photography indianfoodiye delhifoodguide canada,0,0.126,87.4,CORRECT
1850984079686492015,BmwBDaqnd9v,38989790_1653431991435428_3012103540127563776_n.jpg,images/1/38989790_1653431991435428_3012103540127563776_n.jpg,1,"Pav Bhaji is a good Pav Bhaji when you aren't hungry at all but u can't stop ordering extra Pav🤣 . And this one was worth ordering extra Pav. This one is from Sector 23 Huda Market , Gurgaon , Haryana, India. Sorry guys I missed the name of the vendor. 🙈 (Hint - In front of ICICI Bank ATM )
.
.
Yum Meter - 5/5 🌟🌟🌟🌟🌟
.
Yum Facts - The dish originated in the 1850s as a fast lunchtime dish for textile mill workers in Mumbai. Pav bhaji was later served at restaurants throughout the city. Pav bhaji is now offered at outlets from simple hand carts to formal restaurants in India and abroad.
.
#pavbhaji #streetfoodgurgaon #gurgaonfood #gurgaonfoodie #foodie #foodlover #foodphotography #foodiegurgaon #yummyfood #yum_yum_bruh",#foodlover #foodphotography #foodie #pavbhaji #yummyfood #gurgaonfoodie #foodiegurgaon #streetfoodgurgaon #yum_yum_bruh #gurgaonfood,"['foodlover', 'foodphotography', 'foodie', 'pavbhaji', 'yummyfood', 'gurgaonfoodie', 'foodiegurgaon', 'streetfoodgurgaon', 'yum_yum_bruh', 'gurgaonfood']","Pav Bhaji is a good Pav Bhaji when you aren't hungry at all but u can't stop ordering extra Pav🤣 . And this one was worth ordering extra Pav. This one is from Sector 23 Huda Market , Gurgaon , Haryana, India. Sorry guys I missed the name of the vendor. 🙈 (Hint - In front of ICICI Bank ATM )
.
.
Yum Meter - 5/5 🌟🌟🌟🌟🌟
.
Yum Facts - The dish originated in the 1850s as a fast lunchtime dish for textile mill workers in Mumbai. Pav bhaji was later served at restaurants throughout the city. Pav bhaji is now offered at outlets from simple hand carts to formal restaurants in India and abroad.
.
#pavbhaji #streetfoodgurgaon #gurgaonfood #gurgaonfoodie #foodie #foodlover #foodphotography #foodiegurgaon #yummyfood #yum_yum_bruh #foodlover #foodphotography #foodie #pavbhaji #yummyfood #gurgaonfoodie #foodiegurgaon #streetfoodgurgaon #yum_yum_bruh #gurgaonfood",21,0,1534874518,False,858,138,is good when you aren hungry at all but can stop ordering extra and this one was worth ordering extra this one is from sector 23 huda market gurgaon haryana india sorry guys missed the name of the vendor hint in front of icici bank atm yum meter yum facts the dish originated in the 1850s as fast lunchtime dish for textile mill workers in mumbai was later served at restaurants throughout the city is now offered at outlets from simple hand carts to formal restaurants in india and abroad streetfoodgurgaon gurgaonfood gurgaonfoodie foodie foodlover foodphotography foodiegurgaon yummyfood yum yum bruh foodlover foodphotography foodie yummyfood gurgaonfoodie foodiegurgaon streetfoodgurgaon yum yum bruh gurgaonfood,0,0.494,50.6,MISCLASSIFIED
1852290884561886547,Bm0qL7jAV1T,39823532_777108465969405_6557862921471262720_n.jpg,images/1/39823532_777108465969405_6557862921471262720_n.jpg,1,"#repost @thedelhistreets😍😍
#tag#pavbhajjilovers#
#pavbhaji#indianstreetfood#delhistreetfood#butterbread#vegcurry🍜 #withgreenchutney#onions#eknumber#tasty#tastyfood#deliciousfood#indianfood#indianfoodbloggers#foodgasm#foodporn#foodiegram#midnightsnacks😋 #instagood #instapic#instagram#pavbhaji #foreveryone#dubailife#mydubai#mydubailife🇦🇪 #enjoy#tastyfood#everyone🤗🤗🤗",#repost #butterbread #indianstreetfood #withgreenchutney #indianfoodbloggers #instapic #indianfood #everyone #midnightsnacks #onions #dubailife #foodporn #mydubailife #foodiegram #tag #vegcurry #foreveryone #tastyfood #instagood #instagram #enjoy #tasty #delhistreetfood #eknumber #pavbhaji #pavbhajjilovers #deliciousfood #mydubai #foodgasm,"['repost', 'butterbread', 'indianstreetfood', 'withgreenchutney', 'indianfoodbloggers', 'instapic', 'indianfood', 'everyone', 'midnightsnacks', 'onions', 'dubailife', 'foodporn', 'mydubailife', 'foodiegram', 'tag', 'vegcurry', 'foreveryone', 'tastyfood', 'instagood', 'instagram', 'enjoy', 'tasty', 'delhistreetfood', 'eknumber', 'pavbhaji', 'pavbhajjilovers', 'deliciousfood', 'mydubai', 'foodgasm']","#repost @thedelhistreets😍😍
#tag#pavbhajjilovers#
#pavbhaji#indianstreetfood#delhistreetfood#butterbread#vegcurry🍜 #withgreenchutney#onions#eknumber#tasty#tastyfood#deliciousfood#indianfood#indianfoodbloggers#foodgasm#foodporn#foodiegram#midnightsnacks😋 #instagood #instapic#instagram#pavbhaji #foreveryone#dubailife#mydubai#mydubailife🇦🇪 #enjoy#tastyfood#everyone🤗🤗🤗 #repost #butterbread #indianstreetfood #withgreenchutney #indianfoodbloggers #instapic #indianfood #everyone #midnightsnacks #onions #dubailife #foodporn #mydubailife #foodiegram #tag #vegcurry #foreveryone #tastyfood #instagood #instagram #enjoy #tasty #delhistreetfood #eknumber #pavbhaji #pavbhajjilovers #deliciousfood #mydubai #foodgasm",54,8,1535030302,False,708,38,repost tag indianstreetfooddelhistreetfoodbutterbreadvegcurry withgreenchutneyonionseknumbertastytastyfooddeliciousfoodindianfoodindianfoodbloggersfoodgasmfoodpornfoodiegrammidnightsnacks instagood instapicinstagram foreveryonedubailifemydubaimydubailife enjoytastyfoodeveryone repost butterbread indianstreetfood withgreenchutney indianfoodbloggers instapic indianfood everyone midnightsnacks onions dubailife foodporn mydubailife foodiegram tag vegcurry foreveryone tastyfood instagood instagram enjoy tasty delhistreetfood eknumber deliciousfood mydubai foodgasm,1,0.565,56.5,CORRECT
1851005788833466519,BmwF_U4nEiX,38665536_2119134901631860_859162281479503872_n.jpg,images/0/38665536_2119134901631860_859162281479503872_n.jpg,0,"@yummy_bites_cbe 
#yummy #yummy😋 #yummyfood #samosa #vadapav #dabeli #pavbhaji #pavbhaji😋 #manchurian #cabbagemanchurian #gobimanchurian #northindian #northindiantest #panipuri #panipurilovers #bhelpuri #bhel #dahipuri #masalapuri #grillsandwich #vegsandwich #sandwich #fresh #spicy #yummybites 
Address:- shop no.2 corporation building,
near ganesh temple,
opp corporation office,
Ramchandra road,
R.S puram Coimbtore.",#vadapav #panipurilovers #panipuri #northindiantest #dabeli #bhel #manchurian #spicy #northindian #fresh #cabbagemanchurian #gobimanchurian #sandwich #bhelpuri #masalapuri #yummyfood #samosa #yummy #grillsandwich #dahipuri #vegsandwich #pavbhaji #yummybites,"['vadapav', 'panipurilovers', 'panipuri', 'northindiantest', 'dabeli', 'bhel', 'manchurian', 'spicy', 'northindian', 'fresh', 'cabbagemanchurian', 'gobimanchurian', 'sandwich', 'bhelpuri', 'masalapuri', 'yummyfood', 'samosa', 'yummy', 'grillsandwich', 'dahipuri', 'vegsandwich', 'pavbhaji', 'yummybites']","@yummy_bites_cbe 
#yummy #yummy😋 #yummyfood #samosa #vadapav #dabeli #pavbhaji #pavbhaji😋 #manchurian #cabbagemanchurian #gobimanchurian #northindian #northindiantest #panipuri #panipurilovers #bhelpuri #bhel #dahipuri #masalapuri #grillsandwich #vegsandwich #sandwich #fresh #spicy #yummybites 
Address:- shop no.2 corporation building,
near ganesh temple,
opp corporation office,
Ramchandra road,
R.S puram Coimbtore. #vadapav #panipurilovers #panipuri #northindiantest #dabeli #bhel #manchurian #spicy #northindian #fresh #cabbagemanchurian #gobimanchurian #sandwich #bhelpuri #masalapuri #yummyfood #samosa #yummy #grillsandwich #dahipuri #vegsandwich #pavbhaji #yummybites",29,0,1534877106,False,677,65,yummy yummy yummyfood samosa vadapav dabeli manchurian cabbagemanchurian gobimanchurian northindian northindiantest panipuri panipurilovers bhelpuri bhel dahipuri masalapuri grillsandwich vegsandwich sandwich fresh spicy yummybites address shop no corporation building near ganesh temple opp corporation office ramchandra road puram coimbtore vadapav panipurilovers panipuri northindiantest dabeli bhel manchurian spicy northindian fresh cabbagemanchurian gobimanchurian sandwich bhelpuri masalapuri yummyfood samosa yummy grillsandwich dahipuri vegsandwich yummybites,0,0.0727,92.73,CORRECT
1852223780236419371,Bm0a7bxheEr,38839693_1127706490717462_2666297907602259968_n.jpg,images/1/38839693_1127706490717462_2666297907602259968_n.jpg,1,#pavbhaji #indianfood #food #foodie #foodgram #foodlove #foodstagram #homemadebliss #loveit #foodholic #vegfood #vegetarian #eatwhatyoulike #eatwhatyoulove #eatgoodfood #goodfood #mumbaifoodie #flavours #yummy #cookingismypassion #cookingismytherapy #foodpic #wok2plate,#cookingismytherapy #foodgram #eatwhatyoulove #foodie #mumbaifoodie #wok2plate #indianfood #cookingismypassion #foodlove #vegetarian #goodfood #vegfood #homemadebliss #foodstagram #yummy #flavours #foodpic #food #loveit #eatgoodfood #pavbhaji #foodholic #eatwhatyoulike,"['cookingismytherapy', 'foodgram', 'eatwhatyoulove', 'foodie', 'mumbaifoodie', 'wok2plate', 'indianfood', 'cookingismypassion', 'foodlove', 'vegetarian', 'goodfood', 'vegfood', 'homemadebliss', 'foodstagram', 'yummy', 'flavours', 'foodpic', 'food', 'loveit', 'eatgoodfood', 'pavbhaji', 'foodholic', 'eatwhatyoulike']",#pavbhaji #indianfood #food #foodie #foodgram #foodlove #foodstagram #homemadebliss #loveit #foodholic #vegfood #vegetarian #eatwhatyoulike #eatwhatyoulove #eatgoodfood #goodfood #mumbaifoodie #flavours #yummy #cookingismypassion #cookingismytherapy #foodpic #wok2plate #cookingismytherapy #foodgram #eatwhatyoulove #foodie #mumbaifoodie #wok2plate #indianfood #cookingismypassion #foodlove #vegetarian #goodfood #vegfood #homemadebliss #foodstagram #yummy #flavours #foodpic #food #loveit #eatgoodfood #pavbhaji #foodholic #eatwhatyoulike,64,2,1535022302,False,539,46,indianfood food foodie foodgram foodlove foodstagram homemadebliss loveit foodholic vegfood vegetarian eatwhatyoulike eatwhatyoulove eatgoodfood goodfood mumbaifoodie flavours yummy cookingismypassion cookingismytherapy foodpic wok2plate cookingismytherapy foodgram eatwhatyoulove foodie mumbaifoodie wok2plate indianfood cookingismypassion foodlove vegetarian goodfood vegfood homemadebliss foodstagram yummy flavours foodpic food loveit eatgoodfood foodholic eatwhatyoulike,1,0.811,81.1,CORRECT
1851350395559621193,BmxUWA6HDJJ,38826877_288496381743438_7919164372285390848_n.jpg,images/1/38826877_288496381743438_7919164372285390848_n.jpg,1,"When it comes to love and food, nothing can beat our dearest mommies..😘😍
#homemade #pavbhaji #breakfastready
.
.
#foodie #foodism #foodlover #foodislife #foodporn #foodgram #foodinstagram #foodphotography #phonephotography #nomnom #foodreviewer #foodtraveler #foodwalks #exploreindia #delhi #delhifoodie #delhi_igers #delhigram #sodelhi #delhincr #likeforlike #likes4likes #nomnom #indianfood #foodaholic #foodmaniacindia #exploringdelhi
.
Happy Eid to all #pinch_of_mazic 🤗",#foodgram #foodphotography #delhincr #foodmaniacindia #delhifoodie #foodie #breakfastready #foodaholic #indianfood #likeforlike #foodlover #foodreviewer #exploringdelhi #pinch_of_mazic #foodporn #exploreindia #nomnom #foodwalks #phonephotography #foodinstagram #likes4likes #foodism #foodislife #foodtraveler #delhigram #pavbhaji #delhi #delhi_igers #sodelhi #homemade,"['foodgram', 'foodphotography', 'delhincr', 'foodmaniacindia', 'delhifoodie', 'foodie', 'breakfastready', 'foodaholic', 'indianfood', 'likeforlike', 'foodlover', 'foodreviewer', 'exploringdelhi', 'pinch_of_mazic', 'foodporn', 'exploreindia', 'nomnom', 'foodwalks', 'phonephotography', 'foodinstagram', 'likes4likes', 'foodism', 'foodislife', 'foodtraveler', 'delhigram', 'pavbhaji', 'delhi', 'delhi_igers', 'sodelhi', 'homemade']","When it comes to love and food, nothing can beat our dearest mommies..😘😍
#homemade #pavbhaji #breakfastready
.
.
#foodie #foodism #foodlover #foodislife #foodporn #foodgram #foodinstagram #foodphotography #phonephotography #nomnom #foodreviewer #foodtraveler #foodwalks #exploreindia #delhi #delhifoodie #delhi_igers #delhigram #sodelhi #delhincr #likeforlike #likes4likes #nomnom #indianfood #foodaholic #foodmaniacindia #exploringdelhi
.
Happy Eid to all #pinch_of_mazic 🤗 #foodgram #foodphotography #delhincr #foodmaniacindia #delhifoodie #foodie #breakfastready #foodaholic #indianfood #likeforlike #foodlover #foodreviewer #exploringdelhi #pinch_of_mazic #foodporn #exploreindia #nomnom #foodwalks #phonephotography #foodinstagram #likes4likes #foodism #foodislife #foodtraveler #delhigram #pavbhaji #delhi #delhi_igers #sodelhi #homemade",26,0,1534918187,False,843,82,when it comes to love and food nothing can beat our dearest mommies homemade breakfastready foodie foodism foodlover foodislife foodporn foodgram foodinstagram foodphotography phonephotography nomnom foodreviewer foodtraveler foodwalks exploreindia delhi delhifoodie delhi igers delhigram sodelhi delhincr likeforlike likes4likes nomnom indianfood foodaholic foodmaniacindia exploringdelhi happy eid to all pinch of mazic foodgram foodphotography delhincr foodmaniacindia delhifoodie foodie breakfastready foodaholic indianfood likeforlike foodlover foodreviewer exploringdelhi pinch of mazic foodporn exploreindia nomnom foodwalks phonephotography foodinstagram likes4likes foodism foodislife foodtraveler delhigram delhi delhi igers sodelhi homemade,0,0.3339,66.61,MISCLASSIFIED
1852403497002124372,Bm1DyqDgMRU,38424787_1982991718425566_2657172480782761984_n.jpg,images/0/38424787_1982991718425566_2657172480782761984_n.jpg,0,Dinnertime #yummytummy #pavbhaji by #chef @meghasampat 😋🤩 #sweethearts @wankhedeekta @kalamkarkomal 💕,#pavbhaji #chef #yummytummy #sweethearts,"['pavbhaji', 'chef', 'yummytummy', 'sweethearts']",Dinnertime #yummytummy #pavbhaji by #chef @meghasampat 😋🤩 #sweethearts @wankhedeekta @kalamkarkomal 💕 #pavbhaji #chef #yummytummy #sweethearts,40,0,1535043726,False,142,15,dinnertime yummytummy by chef sweethearts chef yummytummy sweethearts,1,0.5322,53.22,MISCLASSIFIED
1855207036881438796,Bm_BPiCH4hM,39928567_2025694197741778_2817802553157661723_n.jpg,images/0/39928567_2025694197741778_2817802553157661723_n.jpg,0,"Follow @dilliciousfoodie 
@dilliciousfoodie 
@dilliciousfoodie 
@dilliciousfoodie 
@dilliciousfoodie 
@dilliciousfoodie .
.
.
➖➖➖➖
.
.
#dillifoodjunkie #foodforlife #pasta #food #pavbhaji #chicken #butterchicken #indianfood #india #tasty #foodgasm #yummyinmytummy #foodphotography #streetfood #lifestyle #snacks #yummy #yum #likeforlike #sodelhi @sodelhi #sodelhi #bhaji @taste_a_bit #delhifoodblogger #mumbaifoodblogger @jacknchillindia #f52grams #spicy #starbucks #fries #streetfood #cheesyfries ‭",#foodphotography #bhaji #pasta #fries #f52grams #indianfood #likeforlike #snacks #butterchicken #chicken #starbucks #spicy #yum #india #cheesyfries #yummy #dillifoodjunkie #mumbaifoodblogger #yummyinmytummy #delhifoodblogger #foodgasm #food #tasty #streetfood #pavbhaji #foodforlife #lifestyle #sodelhi,"['foodphotography', 'bhaji', 'pasta', 'fries', 'f52grams', 'indianfood', 'likeforlike', 'snacks', 'butterchicken', 'chicken', 'starbucks', 'spicy', 'yum', 'india', 'cheesyfries', 'yummy', 'dillifoodjunkie', 'mumbaifoodblogger', 'yummyinmytummy', 'delhifoodblogger', 'foodgasm', 'food', 'tasty', 'streetfood', 'pavbhaji', 'foodforlife', 'lifestyle', 'sodelhi']","Follow @dilliciousfoodie 
@dilliciousfoodie 
@dilliciousfoodie 
@dilliciousfoodie 
@dilliciousfoodie 
@dilliciousfoodie .
.
.
➖➖➖➖
.
.
#dillifoodjunkie #foodforlife #pasta #food #pavbhaji #chicken #butterchicken #indianfood #india #tasty #foodgasm #yummyinmytummy #foodphotography #streetfood #lifestyle #snacks #yummy #yum #likeforlike #sodelhi @sodelhi #sodelhi #bhaji @taste_a_bit #delhifoodblogger #mumbaifoodblogger @jacknchillindia #f52grams #spicy #starbucks #fries #streetfood #cheesyfries ‭ #foodphotography #bhaji #pasta #fries #f52grams #indianfood #likeforlike #snacks #butterchicken #chicken #starbucks #spicy #yum #india #cheesyfries #yummy #dillifoodjunkie #mumbaifoodblogger #yummyinmytummy #delhifoodblogger #foodgasm #food #tasty #streetfood #pavbhaji #foodforlife #lifestyle #sodelhi",46,0,1535377934,False,802,75,follow dillifoodjunkie foodforlife pasta food chicken butterchicken indianfood india tasty foodgasm yummyinmytummy foodphotography streetfood lifestyle snacks yummy yum likeforlike sodelhi sodelhi delhifoodblogger mumbaifoodblogger f52grams spicy starbucks fries streetfood cheesyfries foodphotography pasta fries f52grams indianfood likeforlike snacks butterchicken chicken starbucks spicy yum india cheesyfries yummy dillifoodjunkie mumbaifoodblogger yummyinmytummy delhifoodblogger foodgasm food tasty streetfood foodforlife lifestyle sodelhi,0,0.3126,68.74,CORRECT
1851685605426033369,Bmygj9bH3LZ,39486044_443243472830930_236961269934981120_n.jpg,images/0/39486044_443243472830930_236961269934981120_n.jpg,0,Pav Bhaji recipe made fresh #pavbhaji #londondiaries🇬🇧 #mumbai #streetfood #vegetables #yummyfoods #cheffoodietrudie #chef #homecooked,#yummyfoods #vegetables #londondiaries #mumbai #homecooked #streetfood #pavbhaji #chef #cheffoodietrudie,"['yummyfoods', 'vegetables', 'londondiaries', 'mumbai', 'homecooked', 'streetfood', 'pavbhaji', 'chef', 'cheffoodietrudie']",Pav Bhaji recipe made fresh #pavbhaji #londondiaries🇬🇧 #mumbai #streetfood #vegetables #yummyfoods #cheffoodietrudie #chef #homecooked #yummyfoods #vegetables #londondiaries #mumbai #homecooked #streetfood #pavbhaji #chef #cheffoodietrudie,27,0,1534958147,False,239,23,recipe made fresh londondiaries mumbai streetfood vegetables yummyfoods cheffoodietrudie chef homecooked yummyfoods vegetables londondiaries mumbai homecooked streetfood chef cheffoodietrudie,1,0.6658,66.58,MISCLASSIFIED
1850852346362287913,BmvjGccn1cp,39199919_1577043595733420_8408115226062356480_n.jpg,images/0/39199919_1577043595733420_8408115226062356480_n.jpg,0,#pavbhaji #firsttry #cameoutprettygood #homecooking #indianinnyc #vegetarianrecipes #mumbaistreetfoodathome,#vegetarianrecipes #cameoutprettygood #mumbaistreetfoodathome #firsttry #pavbhaji #homecooking #indianinnyc,"['vegetarianrecipes', 'cameoutprettygood', 'mumbaistreetfoodathome', 'firsttry', 'pavbhaji', 'homecooking', 'indianinnyc']",#pavbhaji #firsttry #cameoutprettygood #homecooking #indianinnyc #vegetarianrecipes #mumbaistreetfoodathome #vegetarianrecipes #cameoutprettygood #mumbaistreetfoodathome #firsttry #pavbhaji #homecooking #indianinnyc,62,4,1534858814,False,215,14,firsttry cameoutprettygood homecooking indianinnyc vegetarianrecipes mumbaistreetfoodathome vegetarianrecipes cameoutprettygood mumbaistreetfoodathome firsttry homecooking indianinnyc,1,0.7984,79.84,MISCLASSIFIED
1852796065368304662,Bm2dDR1hOwW,39147945_2279181265651491_3645554076042657792_n.jpg,images/1/39147945_2279181265651491_3645554076042657792_n.jpg,1,"Utterly Butterly Delicious “Pav Bhaji” !! .
.
📸 - @
.
🌮 Follow @BhukkadPunekar & Be A Bhukkad..
.
🍿Tag Us & Get Featured Here
.
#pavbhaji #pune #punevadapav #bhukkadpunekar #drink #food #foodporn #eatme #feedme #punelife #pune #punefoodie #punefood #eater #dailyfoodfeed #eatfamous #punekar #foodbible #foodgasm #cheatmeal #instafood #whataleats #nom #yum #foodpics #foodstagram #foodie",#punefoodie #foodbible #punelife #foodie #whataleats #foodpics #dailyfoodfeed #punevadapav #instafood #foodporn #eatfamous #drink #feedme #eater #yum #pune #cheatmeal #punefood #foodstagram #punekar #nom #bhukkadpunekar #food #pavbhaji #eatme #foodgasm,"['punefoodie', 'foodbible', 'punelife', 'foodie', 'whataleats', 'foodpics', 'dailyfoodfeed', 'punevadapav', 'instafood', 'foodporn', 'eatfamous', 'drink', 'feedme', 'eater', 'yum', 'pune', 'cheatmeal', 'punefood', 'foodstagram', 'punekar', 'nom', 'bhukkadpunekar', 'food', 'pavbhaji', 'eatme', 'foodgasm']","Utterly Butterly Delicious “Pav Bhaji” !! .
.
📸 - @
.
🌮 Follow @BhukkadPunekar & Be A Bhukkad..
.
🍿Tag Us & Get Featured Here
.
#pavbhaji #pune #punevadapav #bhukkadpunekar #drink #food #foodporn #eatme #feedme #punelife #pune #punefoodie #punefood #eater #dailyfoodfeed #eatfamous #punekar #foodbible #foodgasm #cheatmeal #instafood #whataleats #nom #yum #foodpics #foodstagram #foodie #punefoodie #foodbible #punelife #foodie #whataleats #foodpics #dailyfoodfeed #punevadapav #instafood #foodporn #eatfamous #drink #feedme #eater #yum #pune #cheatmeal #punefood #foodstagram #punekar #nom #bhukkadpunekar #food #pavbhaji #eatme #foodgasm",261,0,1535090524,False,639,80,utterly butterly delicious follow be bhukkad tag us get featured here pune punevadapav bhukkadpunekar drink food foodporn eatme feedme punelife pune punefoodie punefood eater dailyfoodfeed eatfamous punekar foodbible foodgasm cheatmeal instafood whataleats nom yum foodpics foodstagram foodie punefoodie foodbible punelife foodie whataleats foodpics dailyfoodfeed punevadapav instafood foodporn eatfamous drink feedme eater yum pune cheatmeal punefood foodstagram punekar nom bhukkadpunekar food eatme foodgasm,1,0.5017,50.17,CORRECT
1853485979605574523,Bm4562ijqN7,39069882_2002957963298128_8415936614911442944_n.jpg,images/1/39069882_2002957963298128_8415936614911442944_n.jpg,1,"Can I have this for breakfast.?
Cravings of tablet filled tummy 😥
Happy weekend
#blogger #bloggerlife #indianfashionblogger #indianblogger #pavbhaji #cravings #food #chats #indianfood",#indianblogger #chats #cravings #food #blogger #indianfashionblogger #pavbhaji #bloggerlife #indianfood,"['indianblogger', 'chats', 'cravings', 'food', 'blogger', 'indianfashionblogger', 'pavbhaji', 'bloggerlife', 'indianfood']","Can I have this for breakfast.?
Cravings of tablet filled tummy 😥
Happy weekend
#blogger #bloggerlife #indianfashionblogger #indianblogger #pavbhaji #cravings #food #chats #indianfood #indianblogger #chats #cravings #food #blogger #indianfashionblogger #pavbhaji #bloggerlife #indianfood",35,6,1535172768,False,287,32,can have this for breakfast cravings of tablet filled tummy happy weekend blogger bloggerlife indianfashionblogger indianblogger cravings food chats indianfood indianblogger chats cravings food blogger indianfashionblogger bloggerlife indianfood,1,0.574,57.4,CORRECT
1852337137947302650,Bm00tAXnNr6,39143954_2145955525668027_5551104715929944064_n.jpg,images/0/39143954_2145955525668027_5551104715929944064_n.jpg,0,"Hungry Reacts on Haldiram 
#haldirams #pavbhaji #cravings #yummy#chat #snacks #foodblogger #yummyfood #yumm #travel #photography #pav #bhaji #butter #hungry #indianfood #cuisine 
A most popular brand for serving sweet and snacks. Visited their outlet in Janakpuri and tried Pav bhaji, great presentation and the Pav (bread) goes well with bhaji (curry) .

The ambience is so amazing and all the kitchen department are separated so there is no confusion. Sitting arrangement is also comfortable with beautiful decor.

Follow @hungryreacts For Latest Reaction Use #hungryreacts @haldiramsoutlets",#hungry #cuisine #yumm #cravings #foodblogger #haldirams #travel #bhaji #butter #pavbhaji #chat #yummyfood #photography #pav #hungryreacts #indianfood #yummy #snacks,"['hungry', 'cuisine', 'yumm', 'cravings', 'foodblogger', 'haldirams', 'travel', 'bhaji', 'butter', 'pavbhaji', 'chat', 'yummyfood', 'photography', 'pav', 'hungryreacts', 'indianfood', 'yummy', 'snacks']","Hungry Reacts on Haldiram 
#haldirams #pavbhaji #cravings #yummy#chat #snacks #foodblogger #yummyfood #yumm #travel #photography #pav #bhaji #butter #hungry #indianfood #cuisine 
A most popular brand for serving sweet and snacks. Visited their outlet in Janakpuri and tried Pav bhaji, great presentation and the Pav (bread) goes well with bhaji (curry) .

The ambience is so amazing and all the kitchen department are separated so there is no confusion. Sitting arrangement is also comfortable with beautiful decor.

Follow @hungryreacts For Latest Reaction Use #hungryreacts @haldiramsoutlets #hungry #cuisine #yumm #cravings #foodblogger #haldirams #travel #bhaji #butter #pavbhaji #chat #yummyfood #photography #pav #hungryreacts #indianfood #yummy #snacks",16,1,1535035815,False,759,101,hungry reacts on haldiram haldirams cravings yummychat snacks foodblogger yummyfood yumm travel photography butter hungry indianfood cuisine most popular brand for serving sweet and snacks visited their outlet in janakpuri and tried great presentation and the bread goes well with curry the ambience is so amazing and all the kitchen department are separated so there is no confusion sitting arrangement is also comfortable with beautiful decor follow for latest reaction use hungryreacts hungry cuisine yumm cravings foodblogger haldirams travel butter chat yummyfood photography hungryreacts indianfood yummy snacks,1,0.5789,57.89,MISCLASSIFIED
1851005126318107058,BmwF1r3nimy,39119755_558100387941610_703833135657254912_n.jpg,images/0/39119755_558100387941610_703833135657254912_n.jpg,0,#pavbhaji #mumbaifoodie #mumbai #bhajipav,#pavbhaji #mumbai #bhajipav #mumbaifoodie,"['pavbhaji', 'mumbai', 'bhajipav', 'mumbaifoodie']",#pavbhaji #mumbaifoodie #mumbai #bhajipav #pavbhaji #mumbai #bhajipav #mumbaifoodie,8,1,1534877027,False,83,8,mumbaifoodie mumbai mumbai mumbaifoodie,1,0.6111,61.11,MISCLASSIFIED
1854410067295053589,Bm8MCGRB6cV,38938347_733010527036345_8595253096376822373_n.jpg,images/0/38938347_733010527036345_8595253096376822373_n.jpg,0,A twist to an Indian dish 'pav bhaji ' Lettuce wrap with veggies. No grain meal. A grain free detox day.,,[],A twist to an Indian dish 'pav bhaji ' Lettuce wrap with veggies. No grain meal. A grain free detox day.,21,4,1535282928,False,104,21,twist to an indian dish lettuce wrap with veggies no grain meal grain free detox day,1,0.5742,57.42,MISCLASSIFIED
1852035811084617156,BmzwMH3AEXE,39494066_1238106429674066_331732442035519488_n.jpg,images/0/39494066_1238106429674066_331732442035519488_n.jpg,0,"CHEESY PAV BHAJI!! 😍

Time to savor the taste of the delicious and mouth watering street food. 🍴

The pav was stuffed with bhaji and cheese. 😋
.
.
.
Follow @emmtravelicious
@emmtravelicious
@emmtravelicious
@emmtravelicious
.
.
.
#photooftheday #delhi6 #foodgasm #foodstagram#vscofood #delhigram #dilsedilli #saadidilli #foodtalkindia #foodbossindia #delhifoodie #delhi_foodie #foodporn #zomato #ifoundawesome #dfordelhi #SoDelhi #foodgram #satisfyingmeals #foodpornshare #hot #redfoodie #veg #foodconnectindia #emmtravelicious #f4f #pavbhaji #indianstreetfood #indianfood",#foodgram #delhifoodie #indianstreetfood #delhi6 #hot #emmtravelicious #saadidilli #indianfood #photooftheday #foodpornshare #foodconnectindia #dilsedilli #foodporn #delhi_foodie #satisfyingmeals #SoDelhi #foodbossindia #dfordelhi #ifoundawesome #f4f #veg #zomato #foodstagram #redfoodie #delhigram #pavbhaji #foodtalkindia #foodgasm #vscofood,"['foodgram', 'delhifoodie', 'indianstreetfood', 'delhi6', 'hot', 'emmtravelicious', 'saadidilli', 'indianfood', 'photooftheday', 'foodpornshare', 'foodconnectindia', 'dilsedilli', 'foodporn', 'delhi_foodie', 'satisfyingmeals', 'SoDelhi', 'foodbossindia', 'dfordelhi', 'ifoundawesome', 'f4f', 'veg', 'zomato', 'foodstagram', 'redfoodie', 'delhigram', 'pavbhaji', 'foodtalkindia', 'foodgasm', 'vscofood']","CHEESY PAV BHAJI!! 😍

Time to savor the taste of the delicious and mouth watering street food. 🍴

The pav was stuffed with bhaji and cheese. 😋
.
.
.
Follow @emmtravelicious
@emmtravelicious
@emmtravelicious
@emmtravelicious
.
.
.
#photooftheday #delhi6 #foodgasm #foodstagram#vscofood #delhigram #dilsedilli #saadidilli #foodtalkindia #foodbossindia #delhifoodie #delhi_foodie #foodporn #zomato #ifoundawesome #dfordelhi #SoDelhi #foodgram #satisfyingmeals #foodpornshare #hot #redfoodie #veg #foodconnectindia #emmtravelicious #f4f #pavbhaji #indianstreetfood #indianfood #foodgram #delhifoodie #indianstreetfood #delhi6 #hot #emmtravelicious #saadidilli #indianfood #photooftheday #foodpornshare #foodconnectindia #dilsedilli #foodporn #delhi_foodie #satisfyingmeals #SoDelhi #foodbossindia #dfordelhi #ifoundawesome #f4f #veg #zomato #foodstagram #redfoodie #delhigram #pavbhaji #foodtalkindia #foodgasm #vscofood",117,10,1534999894,False,916,95,cheesy time to savor the taste of the delicious and mouth watering street food the was stuffed with and cheese follow photooftheday delhi6 foodgasm foodstagramvscofood delhigram dilsedilli saadidilli foodtalkindia foodbossindia delhifoodie delhi foodie foodporn zomato ifoundawesome dfordelhi sodelhi foodgram satisfyingmeals foodpornshare hot redfoodie veg foodconnectindia emmtravelicious f4f indianstreetfood indianfood foodgram delhifoodie indianstreetfood delhi6 hot emmtravelicious saadidilli indianfood photooftheday foodpornshare foodconnectindia dilsedilli foodporn delhi foodie satisfyingmeals sodelhi foodbossindia dfordelhi ifoundawesome f4f veg zomato foodstagram redfoodie delhigram foodtalkindia foodgasm vscofood,0,0.4365,56.35,CORRECT
1851386888353291910,BmxcpDeHR6G,39272026_2228676887343794_2961399535642869760_n.jpg,images/1/39272026_2228676887343794_2961399535642869760_n.jpg,1,"Aj to maine Lunch Mai Pav Bhaji khayi🤤😋😋😋
Aur aapne?

Garma garam pavbhaji with extra butter🤩

#pavbhaji #buttery#amulbutter #lunch #lunchtime #pavbhajilove #delhigram #delhicious #foodtrip #foodlife #foodiesofinstagram #foodie_munchies#indiandelicacy #indianfood#home#homemade",#delhicious #lunchtime #foodie_munchies #homemade #amulbutter #delhigram #indiandelicacy #indianfood #pavbhaji #foodlife #buttery #home #lunch #pavbhajilove #foodiesofinstagram #foodtrip,"['delhicious', 'lunchtime', 'foodie_munchies', 'homemade', 'amulbutter', 'delhigram', 'indiandelicacy', 'indianfood', 'pavbhaji', 'foodlife', 'buttery', 'home', 'lunch', 'pavbhajilove', 'foodiesofinstagram', 'foodtrip']","Aj to maine Lunch Mai Pav Bhaji khayi🤤😋😋😋
Aur aapne?

Garma garam pavbhaji with extra butter🤩

#pavbhaji #buttery#amulbutter #lunch #lunchtime #pavbhajilove #delhigram #delhicious #foodtrip #foodlife #foodiesofinstagram #foodie_munchies#indiandelicacy #indianfood#home#homemade #delhicious #lunchtime #foodie_munchies #homemade #amulbutter #delhigram #indiandelicacy #indianfood #pavbhaji #foodlife #buttery #home #lunch #pavbhajilove #foodiesofinstagram #foodtrip",122,2,1534922537,False,464,44,aj to maine lunch mai khayi aur aapne garma garam with extra butter butteryamulbutter lunch lunchtime delhigram delhicious foodtrip foodlife foodiesofinstagram foodie munchiesindiandelicacy indianfoodhomehomemade delhicious lunchtime foodie munchies homemade amulbutter delhigram indiandelicacy indianfood foodlife buttery home lunch foodiesofinstagram foodtrip,1,0.626,62.6,CORRECT
1852287205058298749,Bm0pWYvgEN9,39321992_214662166075795_4406718516388216110_n.jpg,images/1/39321992_214662166075795_4406718516388216110_n.jpg,1,Masala Pav Pull Apart #masalapav #barstockexchangelowerparel #pavbhaji #foodphotography #pixelxlphotography,#pixelxlphotography #barstockexchangelowerparel #foodphotography #masalapav #pavbhaji,"['pixelxlphotography', 'barstockexchangelowerparel', 'foodphotography', 'masalapav', 'pavbhaji']",Masala Pav Pull Apart #masalapav #barstockexchangelowerparel #pavbhaji #foodphotography #pixelxlphotography #pixelxlphotography #barstockexchangelowerparel #foodphotography #masalapav #pavbhaji,17,0,1535029863,False,193,14,masala pull apart masalapav barstockexchangelowerparel foodphotography pixelxlphotography pixelxlphotography barstockexchangelowerparel foodphotography masalapav,0,0.476,52.4,MISCLASSIFIED
1852874678656210193,Bm2u7QKnpUR,39984429_1846730992083663_6110031740988817408_n.jpg,images/1/39984429_1846730992083663_6110031740988817408_n.jpg,1,"The most delicious and intriguing dish that every indian household relish..Pav Bhaji..when you cook it on your own..this is like the best thing happens to my parents because now they won't cook for anymore..they are in the state of bliss 🤣🤣🤣
.
.
.
Snickers is love❤️❤️❤️
.
.
.
#pavbhaji #indianfood #foodporn #delhi #mumbai #food #foodie #yummy #like #mumbaifoodie #foodphotography #tasty #foodgasm #streetfood #desi #sodelhi #india #marathi #foodlover #delhidiaries #igers #delhifoodblogger #instafood #pune #snickers #bhaji #pav #jaipurfoodbloggers #jaipur #dubaifood",#foodphotography #bhaji #mumbai #foodie #mumbaifoodie #indianfood #foodlover #delhidiaries #instafood #pav #foodporn #jaipur #like #dubaifood #pune #india #yummy #desi #delhifoodblogger #foodgasm #food #tasty #streetfood #pavbhaji #delhi #igers #snickers #sodelhi #jaipurfoodbloggers #marathi,"['foodphotography', 'bhaji', 'mumbai', 'foodie', 'mumbaifoodie', 'indianfood', 'foodlover', 'delhidiaries', 'instafood', 'pav', 'foodporn', 'jaipur', 'like', 'dubaifood', 'pune', 'india', 'yummy', 'desi', 'delhifoodblogger', 'foodgasm', 'food', 'tasty', 'streetfood', 'pavbhaji', 'delhi', 'igers', 'snickers', 'sodelhi', 'jaipurfoodbloggers', 'marathi']","The most delicious and intriguing dish that every indian household relish..Pav Bhaji..when you cook it on your own..this is like the best thing happens to my parents because now they won't cook for anymore..they are in the state of bliss 🤣🤣🤣
.
.
.
Snickers is love❤️❤️❤️
.
.
.
#pavbhaji #indianfood #foodporn #delhi #mumbai #food #foodie #yummy #like #mumbaifoodie #foodphotography #tasty #foodgasm #streetfood #desi #sodelhi #india #marathi #foodlover #delhidiaries #igers #delhifoodblogger #instafood #pune #snickers #bhaji #pav #jaipurfoodbloggers #jaipur #dubaifood #foodphotography #bhaji #mumbai #foodie #mumbaifoodie #indianfood #foodlover #delhidiaries #instafood #pav #foodporn #jaipur #like #dubaifood #pune #india #yummy #desi #delhifoodblogger #foodgasm #food #tasty #streetfood #pavbhaji #delhi #igers #snickers #sodelhi #jaipurfoodbloggers #marathi",61,4,1535099895,False,862,110,the most delicious and intriguing dish that every indian household relish when you cook it on your own this is like the best thing happens to my parents because now they won cook for anymore they are in the state of bliss snickers is love indianfood foodporn delhi mumbai food foodie yummy like mumbaifoodie foodphotography tasty foodgasm streetfood desi sodelhi india marathi foodlover delhidiaries igers delhifoodblogger instafood pune snickers jaipurfoodbloggers jaipur dubaifood foodphotography mumbai foodie mumbaifoodie indianfood foodlover delhidiaries instafood foodporn jaipur like dubaifood pune india yummy desi delhifoodblogger foodgasm food tasty streetfood delhi igers snickers sodelhi jaipurfoodbloggers marathi,0,0.4887,51.13,MISCLASSIFIED
1853503551751787790,Bm496j4FxUO,39379246_2186045591629754_8042828562480234496_n.jpg,images/0/39379246_2186045591629754_8042828562480234496_n.jpg,0,"When small things make you smile ❣️
#candid
______________________________________
#lifestyle #fashion #hair #ombre #ombrehair #haircolor #greenhair #smile #photography #candidsmile #makeuplooks #beinghuman #jaipur #pavbhaji #food #cute #smiler #mua #jaipurfood #jaipurdiaries #jaipurcityblog #haircut #haircolor #hairdo",#haircolor #beinghuman #candidsmile #hairdo #ombrehair #smile #mua #greenhair #ombre #jaipurcityblog #hair #jaipur #makeuplooks #jaipurfood #jaipurdiaries #photography #haircut #fashion #smiler #cute #food #candid #pavbhaji #lifestyle,"['haircolor', 'beinghuman', 'candidsmile', 'hairdo', 'ombrehair', 'smile', 'mua', 'greenhair', 'ombre', 'jaipurcityblog', 'hair', 'jaipur', 'makeuplooks', 'jaipurfood', 'jaipurdiaries', 'photography', 'haircut', 'fashion', 'smiler', 'cute', 'food', 'candid', 'pavbhaji', 'lifestyle']","When small things make you smile ❣️
#candid
______________________________________
#lifestyle #fashion #hair #ombre #ombrehair #haircolor #greenhair #smile #photography #candidsmile #makeuplooks #beinghuman #jaipur #pavbhaji #food #cute #smiler #mua #jaipurfood #jaipurdiaries #jaipurcityblog #haircut #haircolor #hairdo #haircolor #beinghuman #candidsmile #hairdo #ombrehair #smile #mua #greenhair #ombre #jaipurcityblog #hair #jaipur #makeuplooks #jaipurfood #jaipurdiaries #photography #haircut #fashion #smiler #cute #food #candid #pavbhaji #lifestyle",98,8,1535174863,False,555,57,when small things make you smile candid lifestyle fashion hair ombre ombrehair haircolor greenhair smile photography candidsmile makeuplooks beinghuman jaipur food cute smiler mua jaipurfood jaipurdiaries jaipurcityblog haircut haircolor hairdo haircolor beinghuman candidsmile hairdo ombrehair smile mua greenhair ombre jaipurcityblog hair jaipur makeuplooks jaipurfood jaipurdiaries photography haircut fashion smiler cute food candid lifestyle,0,0.4007,59.93,CORRECT
1852952118132896852,Bm3AiJTHnRU,39756318_451914961975200_5114086553701842944_n.jpg,images/0/39756318_451914961975200_5114086553701842944_n.jpg,0,"• Pav Bhaji is popular Indian street food where dinner rolls/buns are served with spicy mashed veggies topped with dollop of butter. Street food doesn’t get better than this!
• This Pav Bhaji Recipe is spicy, so flavorful and can be easily made vegan by replacing butter with vegan butter! If you have never had pav bhaji in your life, you are seriously missing out!
Indian street food is my favorite kind of food. It’s something that I can eat everyday and still not get bored of it.
• Ever since I can remember, I have been a huge pav bhaji fan. You can find it pretty much everywhere in India but if you want to taste the best pav bhaji , go to Mumbai! That’s where this dish originated from and the one at Juhu Beach is so good, trust me!
I ate pav bhaji all my life but can still not forget the one I had in Mumbai. ▪▪▪▪▪▪▪▪▪▪▪▪▪▪▪▪▪▪▪▪▪▪▪▪▪▪▪▪▪▪▪▪▪▪▪▪▪
Follow @eatwithashlaysha for more food updates and use hashtag #eatwithashlaysha to get featured.
•Turn the post notification on📣
•FOLLOW .LIKE .SHARE .COMMENT💬
•Tag your friends👥
▪▪▪▪▪▪▪▪▪▪▪▪▪▪▪▪▪▪▪▪▪▪▪▪▪▪▪▪▪▪▪▪▪▪▪▪▪ #streetfood#pavbhaji#mumbaifood#mumbaifoodie#mumbai#mumbaipavbhaji#mumbaistreetfood#streetpavbhaji#pavbhajirecipe#pawbhaji#foodporn#followforfood#siliguri#siligurifoodies#foodblogger#indianfoodblogger#foodies#foodlover#foodphotography#homecook#vegetarianrecipes#indianhomecook#gharkakhana#homemade#foodgasm#indianfoodlover#foodishappiness#foodieness#eatwithashlaysha",#mumbaistreetfood #vegetarianrecipes #foodphotography #indianfoodlover #foodblogger #mumbai #eatwithashlaysha #mumbaifoodie #mumbaipavbhaji #foodishappiness #foodlover #foodieness #foodporn #followforfood #siligurifoodies #pawbhaji #pavbhajirecipe #indianfoodblogger #indianhomecook #streetpavbhaji #homecook #mumbaifood #siliguri #streetfood #pavbhaji #foodies #foodgasm #homemade #gharkakhana,"['mumbaistreetfood', 'vegetarianrecipes', 'foodphotography', 'indianfoodlover', 'foodblogger', 'mumbai', 'eatwithashlaysha', 'mumbaifoodie', 'mumbaipavbhaji', 'foodishappiness', 'foodlover', 'foodieness', 'foodporn', 'followforfood', 'siligurifoodies', 'pawbhaji', 'pavbhajirecipe', 'indianfoodblogger', 'indianhomecook', 'streetpavbhaji', 'homecook', 'mumbaifood', 'siliguri', 'streetfood', 'pavbhaji', 'foodies', 'foodgasm', 'homemade', 'gharkakhana']","• Pav Bhaji is popular Indian street food where dinner rolls/buns are served with spicy mashed veggies topped with dollop of butter. Street food doesn’t get better than this!
• This Pav Bhaji Recipe is spicy, so flavorful and can be easily made vegan by replacing butter with vegan butter! If you have never had pav bhaji in your life, you are seriously missing out!
Indian street food is my favorite kind of food. It’s something that I can eat everyday and still not get bored of it.
• Ever since I can remember, I have been a huge pav bhaji fan. You can find it pretty much everywhere in India but if you want to taste the best pav bhaji , go to Mumbai! That’s where this dish originated from and the one at Juhu Beach is so good, trust me!
I ate pav bhaji all my life but can still not forget the one I had in Mumbai. ▪▪▪▪▪▪▪▪▪▪▪▪▪▪▪▪▪▪▪▪▪▪▪▪▪▪▪▪▪▪▪▪▪▪▪▪▪
Follow @eatwithashlaysha for more food updates and use hashtag #eatwithashlaysha to get featured.
•Turn the post notification on📣
•FOLLOW .LIKE .SHARE .COMMENT💬
•Tag your friends👥
▪▪▪▪▪▪▪▪▪▪▪▪▪▪▪▪▪▪▪▪▪▪▪▪▪▪▪▪▪▪▪▪▪▪▪▪▪ #streetfood#pavbhaji#mumbaifood#mumbaifoodie#mumbai#mumbaipavbhaji#mumbaistreetfood#streetpavbhaji#pavbhajirecipe#pawbhaji#foodporn#followforfood#siliguri#siligurifoodies#foodblogger#indianfoodblogger#foodies#foodlover#foodphotography#homecook#vegetarianrecipes#indianhomecook#gharkakhana#homemade#foodgasm#indianfoodlover#foodishappiness#foodieness#eatwithashlaysha #mumbaistreetfood #vegetarianrecipes #foodphotography #indianfoodlover #foodblogger #mumbai #eatwithashlaysha #mumbaifoodie #mumbaipavbhaji #foodishappiness #foodlover #foodieness #foodporn #followforfood #siligurifoodies #pawbhaji #pavbhajirecipe #indianfoodblogger #indianhomecook #streetpavbhaji #homecook #mumbaifood #siliguri #streetfood #pavbhaji #foodies #foodgasm #homemade #gharkakhana",272,22,1535109127,False,1838,217,is popular indian street food where dinner rolls buns are served with spicy mashed veggies topped with dollop of butter street food doesn get better than this this recipe is spicy so flavorful and can be easily made vegan by replacing butter with vegan butter if you have never had in your life you are seriously missing out indian street food is my favorite kind of food it something that can eat everyday and still not get bored of it ever since can remember have been huge fan you can find it pretty much everywhere in india but if you want to taste the best go to mumbai that where this dish originated from and the one at juhu beach is so good trust me ate all my life but can still not forget the one had in mumbai follow for more food updates and use hashtag eatwithashlaysha to get featured turn the post notification on follow like share comment tag your friends streetfood mumbaifoodmumbaifoodiemumbaimumbai mumbaistreetfoodstreet pawbhajifoodpornfollowforfoodsiligurisiligurifoodiesfoodbloggerindianfoodbloggerfoodiesfoodloverfoodphotographyhomecookvegetarianrecipesindianhomecookgharkakhanahomemadefoodgasmindianfoodloverfoodishappinessfoodienesseatwithashlaysha mumbaistreetfood vegetarianrecipes foodphotography indianfoodlover foodblogger mumbai eatwithashlaysha mumbaifoodie mumbai foodishappiness foodlover foodieness foodporn followforfood siligurifoodies pawbhaji indianfoodblogger indianhomecook street homecook mumbaifood siliguri streetfood foodies foodgasm homemade gharkakhana,1,0.8242,82.42,MISCLASSIFIED
1851584571562762352,BmyJluTl6Bw,39205661_703873199964109_5980244675481567232_n.jpg,images/1/39205661_703873199964109_5980244675481567232_n.jpg,1,"Hot pav bhaji in this season is all you can ask for.
.
.
.
Place - mhow kulfi , chappan dukan, indore.
.
.
.
#foodislife #foodisfuel #foodislove #foodismedicine #foodisbae #foodism #foodiegram #foodiesofinstagram #foodgasm #instafood #instagood #foodlover #foodblogger #indore_city #indorediaries #indorikhana #indoripan #beingindori #indori #pavbhaji #pavbhaaji #indorefood #followforfollowback #follow4like #followｍe #follow #zomatoindore #zomatoindia #zomato",#pavbhaaji #foodblogger #followｍe #foodislove #indorikhana #foodlover #foodisbae #followforfollowback #indori #follow #beingindori #instafood #foodiesofinstagram #foodismedicine #indore_city #indorediaries #indoripan #indorefood #foodiegram #follow4like #zomato #foodisfuel #foodism #zomatoindia #foodislife #zomatoindore #instagood #pavbhaji #foodgasm,"['pavbhaaji', 'foodblogger', 'followｍe', 'foodislove', 'indorikhana', 'foodlover', 'foodisbae', 'followforfollowback', 'indori', 'follow', 'beingindori', 'instafood', 'foodiesofinstagram', 'foodismedicine', 'indore_city', 'indorediaries', 'indoripan', 'indorefood', 'foodiegram', 'follow4like', 'zomato', 'foodisfuel', 'foodism', 'zomatoindia', 'foodislife', 'zomatoindore', 'instagood', 'pavbhaji', 'foodgasm']","Hot pav bhaji in this season is all you can ask for.
.
.
.
Place - mhow kulfi , chappan dukan, indore.
.
.
.
#foodislife #foodisfuel #foodislove #foodismedicine #foodisbae #foodism #foodiegram #foodiesofinstagram #foodgasm #instafood #instagood #foodlover #foodblogger #indore_city #indorediaries #indorikhana #indoripan #beingindori #indori #pavbhaji #pavbhaaji #indorefood #followforfollowback #follow4like #followｍe #follow #zomatoindore #zomatoindia #zomato #pavbhaaji #foodblogger #followｍe #foodislove #indorikhana #foodlover #foodisbae #followforfollowback #indori #follow #beingindori #instafood #foodiesofinstagram #foodismedicine #indore_city #indorediaries #indoripan #indorefood #foodiegram #follow4like #zomato #foodisfuel #foodism #zomatoindia #foodislife #zomatoindore #instagood #pavbhaji #foodgasm",13,1,1534946103,False,814,84,hot in this season is all you can ask for place mhow kulfi chappan dukan indore foodislife foodisfuel foodislove foodismedicine foodisbae foodism foodiegram foodiesofinstagram foodgasm instafood instagood foodlover foodblogger indore city indorediaries indorikhana indoripan beingindori indori pavbhaaji indorefood followforfollowback follow4like followme follow zomatoindore zomatoindia zomato pavbhaaji foodblogger followme foodislove indorikhana foodlover foodisbae followforfollowback indori follow beingindori instafood foodiesofinstagram foodismedicine indore city indorediaries indoripan indorefood foodiegram follow4like zomato foodisfuel foodism zomatoindia foodislife zomatoindore instagood foodgasm,0,0.3704,62.96,MISCLASSIFIED
1854175486181463572,Bm7WsflFVYU,39060905_237110266951828_4892249650322472960_n.jpg,images/0/39060905_237110266951828_4892249650322472960_n.jpg,0,#foodie #pavbhaji #streetfood #mumbaifoodie #yummyfoodformytummy #indiancuisine,#indiancuisine #yummyfoodformytummy #foodie #mumbaifoodie #pavbhaji #streetfood,"['indiancuisine', 'yummyfoodformytummy', 'foodie', 'mumbaifoodie', 'pavbhaji', 'streetfood']",#foodie #pavbhaji #streetfood #mumbaifoodie #yummyfoodformytummy #indiancuisine #indiancuisine #yummyfoodformytummy #foodie #mumbaifoodie #pavbhaji #streetfood,16,1,1535254964,False,159,12,foodie streetfood mumbaifoodie yummyfoodformytummy indiancuisine indiancuisine yummyfoodformytummy foodie mumbaifoodie streetfood,1,0.6733,67.33,MISCLASSIFIED
1853036731654546831,Bm3TxbyBSWP,38858556_2259103294319861_8453537493028653583_n.jpg,images/1/38858556_2259103294319861_8453537493028653583_n.jpg,1,"😍😍Homemade Pav Bhaji😍😍
Do you also love pav bhaji😋😋
Comments main batao😉😉
#myhomeplating
.
.
.
.
Follow @foodiecouple_parvan 
Follow @foodiecouple_parvan
Follow @foodiecouple_parvan
Follow @foodiecouple_parvan
.
.
.
.
#homecooked #homemadefood #homecooking #dinner #dinnertime #pavbhaji",#dinner #homecooked #dinnertime #myhomeplating #pavbhaji #homecooking #homemadefood,"['dinner', 'homecooked', 'dinnertime', 'myhomeplating', 'pavbhaji', 'homecooking', 'homemadefood']","😍😍Homemade Pav Bhaji😍😍
Do you also love pav bhaji😋😋
Comments main batao😉😉
#myhomeplating
.
.
.
.
Follow @foodiecouple_parvan 
Follow @foodiecouple_parvan
Follow @foodiecouple_parvan
Follow @foodiecouple_parvan
.
.
.
.
#homecooked #homemadefood #homecooking #dinner #dinnertime #pavbhaji #dinner #homecooked #dinnertime #myhomeplating #pavbhaji #homecooking #homemadefood",1085,12,1535119214,False,370,42,homemade do you also love comments main batao myhomeplating follow follow follow follow homecooked homemadefood homecooking dinner dinnertime dinner homecooked dinnertime myhomeplating homecooking homemadefood,1,0.7878,78.78,CORRECT
1854415170161643747,Bm8NMWrlJDj,39851009_258063608370030_1983295779942432768_n.jpg,images/0/39851009_258063608370030_1983295779942432768_n.jpg,0,"My all time obsession, “PavBhaji and love for Blue”
.
#indianfood #pavbhaji #indiancuisine #cookandeat #memorableweekend #blue #crocery #goodfood #healthyfood #guidelines #curves #foodphotography #foodphotographer #foodfood #foodgasm #food #cooking #foodstagram #eatandtreats #eatrepeat #iphonephotography #mchaitaliphotography",#healthyfood #foodphotography #cookandeat #blue #foodphotographer #indianfood #crocery #eatrepeat #cooking #iphonephotography #goodfood #curves #guidelines #foodstagram #memorableweekend #mchaitaliphotography #indiancuisine #food #pavbhaji #foodfood #foodgasm #eatandtreats,"['healthyfood', 'foodphotography', 'cookandeat', 'blue', 'foodphotographer', 'indianfood', 'crocery', 'eatrepeat', 'cooking', 'iphonephotography', 'goodfood', 'curves', 'guidelines', 'foodstagram', 'memorableweekend', 'mchaitaliphotography', 'indiancuisine', 'food', 'pavbhaji', 'foodfood', 'foodgasm', 'eatandtreats']","My all time obsession, “PavBhaji and love for Blue”
.
#indianfood #pavbhaji #indiancuisine #cookandeat #memorableweekend #blue #crocery #goodfood #healthyfood #guidelines #curves #foodphotography #foodphotographer #foodfood #foodgasm #food #cooking #foodstagram #eatandtreats #eatrepeat #iphonephotography #mchaitaliphotography #healthyfood #foodphotography #cookandeat #blue #foodphotographer #indianfood #crocery #eatrepeat #cooking #iphonephotography #goodfood #curves #guidelines #foodstagram #memorableweekend #mchaitaliphotography #indiancuisine #food #pavbhaji #foodfood #foodgasm #eatandtreats",53,0,1535283536,False,601,54,my all time obsession and love for blue indianfood indiancuisine cookandeat memorableweekend blue crocery goodfood healthyfood guidelines curves foodphotography foodphotographer foodfood foodgasm food cooking foodstagram eatandtreats eatrepeat iphonephotography mchaitaliphotography healthyfood foodphotography cookandeat blue foodphotographer indianfood crocery eatrepeat cooking iphonephotography goodfood curves guidelines foodstagram memorableweekend mchaitaliphotography indiancuisine food foodfood foodgasm eatandtreats,1,0.679,67.9,MISCLASSIFIED
1854322050380724484,Bm74BSIHfkE,39525703_2060976730881710_2452308317494575104_n.jpg,images/1/39525703_2060976730881710_2452308317494575104_n.jpg,1,"Rakhi special ... Pao bhaji ...😋❤️
.
Follow @foooddissthannn .
.
#pavbhaji #butter #spicy #pudinachutney #garam #hot #foodie #foooodieee #eeeeeats #nomnom #foood #food #delhifoodie #indianfood #craving #drooling #mouthwatering #blogger #foodblogger #picoftheday #lemon",#lemon #foodblogger #delhifoodie #foodie #blogger #hot #drooling #indianfood #craving #spicy #nomnom #pudinachutney #butter #mouthwatering #foood #foooodieee #eeeeeats #picoftheday #food #pavbhaji #garam,"['lemon', 'foodblogger', 'delhifoodie', 'foodie', 'blogger', 'hot', 'drooling', 'indianfood', 'craving', 'spicy', 'nomnom', 'pudinachutney', 'butter', 'mouthwatering', 'foood', 'foooodieee', 'eeeeeats', 'picoftheday', 'food', 'pavbhaji', 'garam']","Rakhi special ... Pao bhaji ...😋❤️
.
Follow @foooddissthannn .
.
#pavbhaji #butter #spicy #pudinachutney #garam #hot #foodie #foooodieee #eeeeeats #nomnom #foood #food #delhifoodie #indianfood #craving #drooling #mouthwatering #blogger #foodblogger #picoftheday #lemon #lemon #foodblogger #delhifoodie #foodie #blogger #hot #drooling #indianfood #craving #spicy #nomnom #pudinachutney #butter #mouthwatering #foood #foooodieee #eeeeeats #picoftheday #food #pavbhaji #garam",33,2,1535272435,False,472,53,rakhi special pao follow butter spicy pudinachutney garam hot foodie foooodieee eeeeeats nomnom foood food delhifoodie indianfood craving drooling mouthwatering blogger foodblogger picoftheday lemon lemon foodblogger delhifoodie foodie blogger hot drooling indianfood craving spicy nomnom pudinachutney butter mouthwatering foood foooodieee eeeeeats picoftheday food garam,1,0.7311,73.11,CORRECT
1852132434479366960,Bm0GKLaH0Mw,38963890_2145627965714408_4878308577321680896_n.jpg,images/1/38963890_2145627965714408_4878308577321680896_n.jpg,1,"Is there anything better than some buttery Pav Bhaji on a rainy day? Enjoy this Mumbai delicacy along with our newly launched Mumbai special Sandwich for a chatpata day 😁
•••
#thehudsoncafe #northcampus #hudsonlane #cafe @justdelhiing #pavbhaji #mumbaifoodie #pavbhajilove @sodelhi #comfortfood #eeeeats #grub @lbbdelhincr #dimsums #sodelhi @dfordelhi #dfordelhi #ifoundawesome #saadidilli #justdelhiing",#dfordelhi #ifoundawesome #dimsums #mumbaifoodie #pavbhaji #justdelhiing #grub #northcampus #comfortfood #eeeeats #thehudsoncafe #pavbhajilove #sodelhi #saadidilli #cafe #hudsonlane,"['dfordelhi', 'ifoundawesome', 'dimsums', 'mumbaifoodie', 'pavbhaji', 'justdelhiing', 'grub', 'northcampus', 'comfortfood', 'eeeeats', 'thehudsoncafe', 'pavbhajilove', 'sodelhi', 'saadidilli', 'cafe', 'hudsonlane']","Is there anything better than some buttery Pav Bhaji on a rainy day? Enjoy this Mumbai delicacy along with our newly launched Mumbai special Sandwich for a chatpata day 😁
•••
#thehudsoncafe #northcampus #hudsonlane #cafe @justdelhiing #pavbhaji #mumbaifoodie #pavbhajilove @sodelhi #comfortfood #eeeeats #grub @lbbdelhincr #dimsums #sodelhi @dfordelhi #dfordelhi #ifoundawesome #saadidilli #justdelhiing #dfordelhi #ifoundawesome #dimsums #mumbaifoodie #pavbhaji #justdelhiing #grub #northcampus #comfortfood #eeeeats #thehudsoncafe #pavbhajilove #sodelhi #saadidilli #cafe #hudsonlane",120,3,1535011413,False,585,67,is there anything better than some buttery on rainy day enjoy this mumbai delicacy along with our newly launched mumbai special sandwich for chatpata day thehudsoncafe northcampus hudsonlane cafe mumbaifoodie comfortfood eeeeats grub dimsums sodelhi dfordelhi ifoundawesome saadidilli justdelhiing dfordelhi ifoundawesome dimsums mumbaifoodie justdelhiing grub northcampus comfortfood eeeeats thehudsoncafe sodelhi saadidilli cafe hudsonlane,0,0.4599,54.01,MISCLASSIFIED
1851301583103808433,BmxJPsxBVOx,39116542_2210068569208714_2962719980388352_n.jpg,images/0/39116542_2210068569208714_2962719980388352_n.jpg,0,Your #pavbhaji and #vadapav just got #yummier #houstonhotbreads,#pavbhaji #houstonhotbreads #vadapav #yummier,"['pavbhaji', 'houstonhotbreads', 'vadapav', 'yummier']",Your #pavbhaji and #vadapav just got #yummier #houstonhotbreads #pavbhaji #houstonhotbreads #vadapav #yummier,3,0,1534912368,False,109,12,your and vadapav just got yummier houstonhotbreads houstonhotbreads vadapav yummier,0,0.3144,68.56,CORRECT
1855080483430218600,Bm-kd78njto,39877932_253437735377252_2841615530572382208_n.jpg,images/0/39877932_253437735377252_2841615530572382208_n.jpg,0,"Do you guys love Pav Bhaji???
#foodie_forever #foodelicious
#foodie_who_loves_food #foodiesofmaharashtra #foodiesofinstagram #foodofindia #foodiesofindia #food #foodie #foodsofinstagram #foodsofindia #foodiesofmumbai #mumbaispecial #indiaspecial #foodbloggersofmumbai #foodbloggers #foodbloggerlife #foodbloggersofindia #foodbloggersofmaharashtra #foodbloggersofinstagram #foodblogger #love_for_food #lovetoeat #mumbai #mumbaifoodie #maharashtraspecial #pavbhaji #pav #bhaji",#maharashtraspecial #foodiesofmumbai #mumbaispecial #bhaji #foodblogger #mumbai #foodelicious #foodie #foodsofinstagram #mumbaifoodie #foodiesofindia #indiaspecial #foodie_who_loves_food #foodiesofmaharashtra #love_for_food #pav #foodiesofinstagram #foodbloggersofmaharashtra #foodbloggerlife #foodsofindia #foodbloggersofinstagram #foodbloggersofindia #foodbloggers #foodie_forever #food #foodofindia #foodbloggersofmumbai #pavbhaji #lovetoeat,"['maharashtraspecial', 'foodiesofmumbai', 'mumbaispecial', 'bhaji', 'foodblogger', 'mumbai', 'foodelicious', 'foodie', 'foodsofinstagram', 'mumbaifoodie', 'foodiesofindia', 'indiaspecial', 'foodie_who_loves_food', 'foodiesofmaharashtra', 'love_for_food', 'pav', 'foodiesofinstagram', 'foodbloggersofmaharashtra', 'foodbloggerlife', 'foodsofindia', 'foodbloggersofinstagram', 'foodbloggersofindia', 'foodbloggers', 'foodie_forever', 'food', 'foodofindia', 'foodbloggersofmumbai', 'pavbhaji', 'lovetoeat']","Do you guys love Pav Bhaji???
#foodie_forever #foodelicious
#foodie_who_loves_food #foodiesofmaharashtra #foodiesofinstagram #foodofindia #foodiesofindia #food #foodie #foodsofinstagram #foodsofindia #foodiesofmumbai #mumbaispecial #indiaspecial #foodbloggersofmumbai #foodbloggers #foodbloggerlife #foodbloggersofindia #foodbloggersofmaharashtra #foodbloggersofinstagram #foodblogger #love_for_food #lovetoeat #mumbai #mumbaifoodie #maharashtraspecial #pavbhaji #pav #bhaji #maharashtraspecial #foodiesofmumbai #mumbaispecial #bhaji #foodblogger #mumbai #foodelicious #foodie #foodsofinstagram #mumbaifoodie #foodiesofindia #indiaspecial #foodie_who_loves_food #foodiesofmaharashtra #love_for_food #pav #foodiesofinstagram #foodbloggersofmaharashtra #foodbloggerlife #foodsofindia #foodbloggersofinstagram #foodbloggersofindia #foodbloggers #foodie_forever #food #foodofindia #foodbloggersofmumbai #pavbhaji #lovetoeat",22,1,1535362848,False,919,64,do you guys love foodie forever foodelicious foodie who loves food foodiesofmaharashtra foodiesofinstagram foodofindia foodiesofindia food foodie foodsofinstagram foodsofindia foodiesofmumbai mumbaispecial indiaspecial foodbloggersofmumbai foodbloggers foodbloggerlife foodbloggersofindia foodbloggersofmaharashtra foodbloggersofinstagram foodblogger love for food lovetoeat mumbai mumbaifoodie maharashtraspecial maharashtraspecial foodiesofmumbai mumbaispecial foodblogger mumbai foodelicious foodie foodsofinstagram mumbaifoodie foodiesofindia indiaspecial foodie who loves food foodiesofmaharashtra love for food foodiesofinstagram foodbloggersofmaharashtra foodbloggerlife foodsofindia foodbloggersofinstagram foodbloggersofindia foodbloggers foodie forever food foodofindia foodbloggersofmumbai lovetoeat,0,0.3766,62.34,CORRECT
1847232955811074528,BmisJYUg5Hg,38215593_2172340249714619_663654592776503296_n.jpg,images/1/38215593_2172340249714619_663654592776503296_n.jpg,1,#pav #bhaji #pavbhaji #chatakmatak #foodie #chatakedar #foodporn #desifood #food52 #vegan #vampires #vegan_vampires @amriksukhdev #amulbutter #foodgasm #streetstyle #foodaholics #foodlover #foodpost,#chatakmatak #chatakedar #foodlover #bhaji #vegan #amulbutter #foodgasm #foodpost #foodie #pavbhaji #pav #streetstyle #foodporn #foodaholics #food52 #desifood #vampires #vegan_vampires,"['chatakmatak', 'chatakedar', 'foodlover', 'bhaji', 'vegan', 'amulbutter', 'foodgasm', 'foodpost', 'foodie', 'pavbhaji', 'pav', 'streetstyle', 'foodporn', 'foodaholics', 'food52', 'desifood', 'vampires', 'vegan_vampires']",#pav #bhaji #pavbhaji #chatakmatak #foodie #chatakedar #foodporn #desifood #food52 #vegan #vampires #vegan_vampires @amriksukhdev #amulbutter #foodgasm #streetstyle #foodaholics #foodlover #foodpost #chatakmatak #chatakedar #foodlover #bhaji #vegan #amulbutter #foodgasm #foodpost #foodie #pavbhaji #pav #streetstyle #foodporn #foodaholics #food52 #desifood #vampires #vegan_vampires,15,0,1534427350,False,383,37,chatakmatak foodie chatakedar foodporn desifood food52 vegan vampires vegan vampires amulbutter foodgasm streetstyle foodaholics foodlover foodpost chatakmatak chatakedar foodlover vegan amulbutter foodgasm foodpost foodie streetstyle foodporn foodaholics food52 desifood vampires vegan vampires,1,0.8717,87.17,CORRECT
1855072309931288024,Bm-im_yHiXY,39151642_2140893076161809_1686001437953228800_n.jpg,images/0/39151642_2140893076161809_1686001437953228800_n.jpg,0,A must have food when you are in Mumbai.Panki chutney Pavbhaji and Pizza.#swatisnacks #swatisnacksmumbai #pankichutney #pavbhaji #favouriteplace #delicious #foodporn #foodie #foodstagram #foodblogging #foodphotography #punekarfoodie #missingindia🇮🇳 #pictureoftheday #narimanpoint #mumbai_ig #mumbai_igers #igerspune #igers_frankfurt #igers_germany,#igers_germany #punekarfoodie #foodphotography #mumbai_igers #narimanpoint #foodie #missingindia #igerspune #pavbhaji #igers_frankfurt #mumbai_ig #pankichutney #swatisnacksmumbai #pictureoftheday #foodporn #foodblogging #favouriteplace #delicious #foodstagram #swatisnacks,"['igers_germany', 'punekarfoodie', 'foodphotography', 'mumbai_igers', 'narimanpoint', 'foodie', 'missingindia', 'igerspune', 'pavbhaji', 'igers_frankfurt', 'mumbai_ig', 'pankichutney', 'swatisnacksmumbai', 'pictureoftheday', 'foodporn', 'foodblogging', 'favouriteplace', 'delicious', 'foodstagram', 'swatisnacks']",A must have food when you are in Mumbai.Panki chutney Pavbhaji and Pizza.#swatisnacks #swatisnacksmumbai #pankichutney #pavbhaji #favouriteplace #delicious #foodporn #foodie #foodstagram #foodblogging #foodphotography #punekarfoodie #missingindia🇮🇳 #pictureoftheday #narimanpoint #mumbai_ig #mumbai_igers #igerspune #igers_frankfurt #igers_germany #igers_germany #punekarfoodie #foodphotography #mumbai_igers #narimanpoint #foodie #missingindia #igerspune #pavbhaji #igers_frankfurt #mumbai_ig #pankichutney #swatisnacksmumbai #pictureoftheday #foodporn #foodblogging #favouriteplace #delicious #foodstagram #swatisnacks,49,1,1535361873,False,620,52,must have food when you are in mumbai panki chutney and pizza swatisnacks swatisnacksmumbai pankichutney favouriteplace delicious foodporn foodie foodstagram foodblogging foodphotography punekarfoodie missingindia pictureoftheday narimanpoint mumbai ig mumbai igers igerspune igers frankfurt igers germany igers germany punekarfoodie foodphotography mumbai igers narimanpoint foodie missingindia igerspune igers frankfurt mumbai ig pankichutney swatisnacksmumbai pictureoftheday foodporn foodblogging favouriteplace delicious foodstagram swatisnacks,0,0.3688,63.12,CORRECT
1852903131304552405,Bm21ZSwnefV,39307991_555316741569908_646782427934490624_n.jpg,images/0/39307991_555316741569908_646782427934490624_n.jpg,0,"Repost @hangouts.co.in तुम्हें अपना बनाने की कसम खाई है, खाई है ♥️ लो जी, खा गया मैं इसे 😆
.
.
.
.
.
.
.
.
.
.
.
.
.
. .
.
#note9 #delhidiaries #kolkata #foodpic #foodstyle #iphoneography #bangalorediaries #bangalore #golgappa #vadapav #pavbhaji #nepalifood #nepal #kolkatadiaries #delhi #mumbaikar #sodelhi #foodphotography #delhi_igers #samsungs8 #newdelhi #delhigram #kolkatagram #mumbaidiaries #mumbai #kolkata #muslimfood",#vadapav #foodphotography #mumbai #iphoneography #newdelhi #kolkatadiaries #mumbaidiaries #muslimfood #delhidiaries #golgappa #kolkatagram #nepalifood #note9 #nepal #foodpic #kolkata #samsungs8 #bangalorediaries #delhigram #foodstyle #pavbhaji #bangalore #delhi #delhi_igers #sodelhi #mumbaikar,"['vadapav', 'foodphotography', 'mumbai', 'iphoneography', 'newdelhi', 'kolkatadiaries', 'mumbaidiaries', 'muslimfood', 'delhidiaries', 'golgappa', 'kolkatagram', 'nepalifood', 'note9', 'nepal', 'foodpic', 'kolkata', 'samsungs8', 'bangalorediaries', 'delhigram', 'foodstyle', 'pavbhaji', 'bangalore', 'delhi', 'delhi_igers', 'sodelhi', 'mumbaikar']","Repost @hangouts.co.in तुम्हें अपना बनाने की कसम खाई है, खाई है ♥️ लो जी, खा गया मैं इसे 😆
.
.
.
.
.
.
.
.
.
.
.
.
.
. .
.
#note9 #delhidiaries #kolkata #foodpic #foodstyle #iphoneography #bangalorediaries #bangalore #golgappa #vadapav #pavbhaji #nepalifood #nepal #kolkatadiaries #delhi #mumbaikar #sodelhi #foodphotography #delhi_igers #samsungs8 #newdelhi #delhigram #kolkatagram #mumbaidiaries #mumbai #kolkata #muslimfood #vadapav #foodphotography #mumbai #iphoneography #newdelhi #kolkatadiaries #mumbaidiaries #muslimfood #delhidiaries #golgappa #kolkatagram #nepalifood #note9 #nepal #foodpic #kolkata #samsungs8 #bangalorediaries #delhigram #foodstyle #pavbhaji #bangalore #delhi #delhi_igers #sodelhi #mumbaikar",23,3,1535103287,False,721,88,repost co in note9 delhidiaries kolkata foodpic foodstyle iphoneography bangalorediaries bangalore golgappa vadapav nepalifood nepal kolkatadiaries delhi mumbaikar sodelhi foodphotography delhi igers samsungs8 newdelhi delhigram kolkatagram mumbaidiaries mumbai kolkata muslimfood vadapav foodphotography mumbai iphoneography newdelhi kolkatadiaries mumbaidiaries muslimfood delhidiaries golgappa kolkatagram nepalifood note9 nepal foodpic kolkata samsungs8 bangalorediaries delhigram foodstyle bangalore delhi delhi igers sodelhi mumbaikar,0,0.1034,89.66,CORRECT
1852194019594212721,Bm0UKXBBBVx,39067225_2149976425218347_8981943275082481664_n.jpg,images/1/39067225_2149976425218347_8981943275082481664_n.jpg,1,"For all Pav Bhaji Lovers 😋
.
.
.
Do let me know in comments which Pav Bhaji stall I am missing in Vasai. I’ll make sure I try it.
.
.
.
.
#pavbhaji #yummyfood #pavbhajilover #butterpav #extrabuttermarke #yummyinmytummy #satisfying #vasaifoodie #enjoylife #livetoeat #justteatit",#extrabuttermarke #yummyinmytummy #satisfying #enjoylife #justteatit #pavbhaji #yummyfood #pavbhajilover #butterpav #vasaifoodie #livetoeat,"['extrabuttermarke', 'yummyinmytummy', 'satisfying', 'enjoylife', 'justteatit', 'pavbhaji', 'yummyfood', 'pavbhajilover', 'butterpav', 'vasaifoodie', 'livetoeat']","For all Pav Bhaji Lovers 😋
.
.
.
Do let me know in comments which Pav Bhaji stall I am missing in Vasai. I’ll make sure I try it.
.
.
.
.
#pavbhaji #yummyfood #pavbhajilover #butterpav #extrabuttermarke #yummyinmytummy #satisfying #vasaifoodie #enjoylife #livetoeat #justteatit #extrabuttermarke #yummyinmytummy #satisfying #enjoylife #justteatit #pavbhaji #yummyfood #pavbhajilover #butterpav #vasaifoodie #livetoeat",101,3,1535018754,False,417,56,for all lovers do let me know in comments which stall am missing in vasai ll make sure try it yummyfood butterpav extrabuttermarke yummyinmytummy satisfying vasaifoodie enjoylife livetoeat justteatit extrabuttermarke yummyinmytummy satisfying enjoylife justteatit yummyfood butterpav vasaifoodie livetoeat,1,0.6265,62.65,CORRECT
1854301051505504854,Bm7zPtZnnJW,40079356_1885195074881323_6720283706839269376_n.jpg,images/1/40079356_1885195074881323_6720283706839269376_n.jpg,1,"Pav Bhaji for the Lunch wali bhookh😍😍
We loved the food here❤
..
Inki presentation alag thi, ye to hmne khud bna li😂😂
..
Tag your friends jinke sath ap ye khaana chahte ho🤩
Ya fir tag your bhai/behen jinke sath aj rakhi pe ghumne ja rhe ho🙈🙈
..
#pavbhaji #lunchtime #lunch #eatingfortheinsta #eatfamous #foodforthought #indianfoodbloggers #instafood #foodies #delhigram #love #TFLers #tweegram #photooftheday #20likes #amazing #smile #follow4follow #like4like #look #instalike #igers #picoftheday #food #instadaily #instafollow #followme #girl #iphoneonly",#instalike #follow4follow #lunchtime #followme #smile #indianfoodbloggers #lunch #iphoneonly #amazing #tweegram #instafollow #photooftheday #eatingfortheinsta #instafood #instadaily #eatfamous #look #love #TFLers #foodforthought #picoftheday #girl #food #delhigram #pavbhaji #igers #foodies #20likes #like4like,"['instalike', 'follow4follow', 'lunchtime', 'followme', 'smile', 'indianfoodbloggers', 'lunch', 'iphoneonly', 'amazing', 'tweegram', 'instafollow', 'photooftheday', 'eatingfortheinsta', 'instafood', 'instadaily', 'eatfamous', 'look', 'love', 'TFLers', 'foodforthought', 'picoftheday', 'girl', 'food', 'delhigram', 'pavbhaji', 'igers', 'foodies', '20likes', 'like4like']","Pav Bhaji for the Lunch wali bhookh😍😍
We loved the food here❤
..
Inki presentation alag thi, ye to hmne khud bna li😂😂
..
Tag your friends jinke sath ap ye khaana chahte ho🤩
Ya fir tag your bhai/behen jinke sath aj rakhi pe ghumne ja rhe ho🙈🙈
..
#pavbhaji #lunchtime #lunch #eatingfortheinsta #eatfamous #foodforthought #indianfoodbloggers #instafood #foodies #delhigram #love #TFLers #tweegram #photooftheday #20likes #amazing #smile #follow4follow #like4like #look #instalike #igers #picoftheday #food #instadaily #instafollow #followme #girl #iphoneonly #instalike #follow4follow #lunchtime #followme #smile #indianfoodbloggers #lunch #iphoneonly #amazing #tweegram #instafollow #photooftheday #eatingfortheinsta #instafood #instadaily #eatfamous #look #love #TFLers #foodforthought #picoftheday #girl #food #delhigram #pavbhaji #igers #foodies #20likes #like4like",1309,8,1535269932,False,866,107,for the lunch wali bhookh we loved the food here inki presentation alag thi ye to hmne khud bna li tag your friends jinke sath ap ye khaana chahte ho ya fir tag your bhai behen jinke sath aj rakhi pe ghumne ja rhe ho lunchtime lunch eatingfortheinsta eatfamous foodforthought indianfoodbloggers instafood foodies delhigram love tflers tweegram photooftheday 20likes amazing smile follow4follow like4like look instalike igers picoftheday food instadaily instafollow followme girl iphoneonly instalike follow4follow lunchtime followme smile indianfoodbloggers lunch iphoneonly amazing tweegram instafollow photooftheday eatingfortheinsta instafood instadaily eatfamous look love tflers foodforthought picoftheday girl food delhigram igers foodies 20likes like4like,0,0.4228,57.72,MISCLASSIFIED
1850742178495053331,BmvKDSoB74T,38860125_177423743067291_2513646334586650624_n.jpg,images/1/38860125_177423743067291_2513646334586650624_n.jpg,1,"Craving for some Yumm cheese pav bhaji... 🤤🤤🤤🤤 #mood
.
.
.
.
.
Follow @the.happie.soul and @foodie_mumster for more updates 😊😊😊
.
.
.
#loving #yummylicious #yummyinmytummy #foodiesofinstagram #igfood #food52 #food52grams #foodie #yogamom #foodiemama #foodiesofinstagram #foodlovers #foodphotography #foodgasm #foodstagram #foodstories #mumbaifoodie #foodhub #happiness #happytummy #pavbhaji #ओकेबाय🙋🙋",#foodphotography #happiness #foodie #mumbaifoodie #foodhub #yummylicious #foodiemama #foodiesofinstagram #foodlovers #igfood #ओक #food52grams #foodstories #foodstagram #food52 #yummyinmytummy #mood #pavbhaji #happytummy #foodgasm #yogamom #loving,"['foodphotography', 'happiness', 'foodie', 'mumbaifoodie', 'foodhub', 'yummylicious', 'foodiemama', 'foodiesofinstagram', 'foodlovers', 'igfood', 'ओक', 'food52grams', 'foodstories', 'foodstagram', 'food52', 'yummyinmytummy', 'mood', 'pavbhaji', 'happytummy', 'foodgasm', 'yogamom', 'loving']","Craving for some Yumm cheese pav bhaji... 🤤🤤🤤🤤 #mood
.
.
.
.
.
Follow @the.happie.soul and @foodie_mumster for more updates 😊😊😊
.
.
.
#loving #yummylicious #yummyinmytummy #foodiesofinstagram #igfood #food52 #food52grams #foodie #yogamom #foodiemama #foodiesofinstagram #foodlovers #foodphotography #foodgasm #foodstagram #foodstories #mumbaifoodie #foodhub #happiness #happytummy #pavbhaji #ओकेबाय🙋🙋 #foodphotography #happiness #foodie #mumbaifoodie #foodhub #yummylicious #foodiemama #foodiesofinstagram #foodlovers #igfood #ओक #food52grams #foodstories #foodstagram #food52 #yummyinmytummy #mood #pavbhaji #happytummy #foodgasm #yogamom #loving",90,2,1534845681,False,647,69,craving for some yumm cheese mood follow happie soul and for more updates loving yummylicious yummyinmytummy foodiesofinstagram igfood food52 food52grams foodie yogamom foodiemama foodiesofinstagram foodlovers foodphotography foodgasm foodstagram foodstories mumbaifoodie foodhub happiness happytummy foodphotography happiness foodie mumbaifoodie foodhub yummylicious foodiemama foodiesofinstagram foodlovers igfood food52grams foodstories foodstagram food52 yummyinmytummy mood happytummy foodgasm yogamom loving,1,0.5412,54.12,CORRECT
1852950393491890368,Bm3AJDGgSDA,39687821_365104747643867_4743232598891823104_n.jpg,images/0/39687821_365104747643867_4743232598891823104_n.jpg,0,"Pavbhaji Fondue 
#pavbhaji #pavbhajifondue #pavbhaji #deli #delhi #delhifoodie #foodie #sodelicious #sodelhi #foodporn #delhigram",#deli #delhifoodie #pavbhajifondue #delhigram #foodie #pavbhaji #delhi #foodporn #sodelicious #sodelhi,"['deli', 'delhifoodie', 'pavbhajifondue', 'delhigram', 'foodie', 'pavbhaji', 'delhi', 'foodporn', 'sodelicious', 'sodelhi']","Pavbhaji Fondue 
#pavbhaji #pavbhajifondue #pavbhaji #deli #delhi #delhifoodie #foodie #sodelicious #sodelhi #foodporn #delhigram #deli #delhifoodie #pavbhajifondue #delhigram #foodie #pavbhaji #delhi #foodporn #sodelicious #sodelhi",52,2,1535108921,False,232,23,fondue deli delhi delhifoodie foodie sodelicious sodelhi foodporn delhigram deli delhifoodie delhigram foodie delhi foodporn sodelicious sodelhi,0,0.2979,70.21,CORRECT
1851492226939327974,Bmx0l7rHZXm,38792578_268629437083168_5749831280757833728_n.jpg,images/0/38792578_268629437083168_5749831280757833728_n.jpg,0,"Tokri Chaat !!😘😍
If you are a chatora / chatori just like me - you gonna love this one for sure @made.in.punjab 👌
.
Tag your Chatora gang & make them drool now.😋😁
.
.
.
.
follow @foodtalknoida .
.
.
.
.
.
.
.
.
.
.
#foodtalknoida #foodgram #foodlove #chaat #tokrichaat #photooftheday #foodie #foodism #foodiesofinstagram #eatingfortheinsta #delhi #delhifood #delhifoodie #sodelhi #golgappe #mumbaikar #mumbai #mumbaifood #mumbaifoodie #green #foodtalkindia #maharashtra #maharashtra_ig #kolkatagram #pune #puneinstagrammers #cholebhature #pavbhaji #kolkatagram #kolkatadiaries",#foodgram #delhifoodie #mumbai #puneinstagrammers #foodie #mumbaifoodie #maharashtra #kolkatadiaries #foodlove #photooftheday #eatingfortheinsta #tokrichaat #kolkatagram #cholebhature #golgappe #foodiesofinstagram #delhifood #foodtalknoida #maharashtra_ig #pune #chaat #foodism #green #mumbaifood #pavbhaji #delhi #foodtalkindia #sodelhi #mumbaikar,"['foodgram', 'delhifoodie', 'mumbai', 'puneinstagrammers', 'foodie', 'mumbaifoodie', 'maharashtra', 'kolkatadiaries', 'foodlove', 'photooftheday', 'eatingfortheinsta', 'tokrichaat', 'kolkatagram', 'cholebhature', 'golgappe', 'foodiesofinstagram', 'delhifood', 'foodtalknoida', 'maharashtra_ig', 'pune', 'chaat', 'foodism', 'green', 'mumbaifood', 'pavbhaji', 'delhi', 'foodtalkindia', 'sodelhi', 'mumbaikar']","Tokri Chaat !!😘😍
If you are a chatora / chatori just like me - you gonna love this one for sure @made.in.punjab 👌
.
Tag your Chatora gang & make them drool now.😋😁
.
.
.
.
follow @foodtalknoida .
.
.
.
.
.
.
.
.
.
.
#foodtalknoida #foodgram #foodlove #chaat #tokrichaat #photooftheday #foodie #foodism #foodiesofinstagram #eatingfortheinsta #delhi #delhifood #delhifoodie #sodelhi #golgappe #mumbaikar #mumbai #mumbaifood #mumbaifoodie #green #foodtalkindia #maharashtra #maharashtra_ig #kolkatagram #pune #puneinstagrammers #cholebhature #pavbhaji #kolkatagram #kolkatadiaries #foodgram #delhifoodie #mumbai #puneinstagrammers #foodie #mumbaifoodie #maharashtra #kolkatadiaries #foodlove #photooftheday #eatingfortheinsta #tokrichaat #kolkatagram #cholebhature #golgappe #foodiesofinstagram #delhifood #foodtalknoida #maharashtra_ig #pune #chaat #foodism #green #mumbaifood #pavbhaji #delhi #foodtalkindia #sodelhi #mumbaikar",423,26,1534935094,False,925,109,tokri chaat if you are chatora chatori just like me you gonna love this one for sure in punjab tag your chatora gang make them drool now follow foodtalknoida foodgram foodlove chaat tokrichaat photooftheday foodie foodism foodiesofinstagram eatingfortheinsta delhi delhifood delhifoodie sodelhi golgappe mumbaikar mumbai mumbaifood mumbaifoodie green foodtalkindia maharashtra maharashtra ig kolkatagram pune puneinstagrammers cholebhature kolkatagram kolkatadiaries foodgram delhifoodie mumbai puneinstagrammers foodie mumbaifoodie maharashtra kolkatadiaries foodlove photooftheday eatingfortheinsta tokrichaat kolkatagram cholebhature golgappe foodiesofinstagram delhifood foodtalknoida maharashtra ig pune chaat foodism green mumbaifood delhi foodtalkindia sodelhi mumbaikar,0,0.2745,72.55,CORRECT
1853469393380664763,Bm42Jfag2W7,39082092_1977037435930128_8000496407033151488_n.jpg,images/0/39082092_1977037435930128_8000496407033151488_n.jpg,0,"Paying homage to the 20th century Iranian Cafés of Mumbai, Dishoom showcases the old school welcoming themes of jazz music, coupled with food that strikes a cord with every Indian that crosses the majestic doorway. 
As you enter, you are greeted by old school jukeboxes, Parsi themed decor, stained glass lamps and a friendly server that leads you to an inviting booth. 
The bottomless Masala Chai served in the iconic Railway glasses does justice to India's drink of choice over biscuits. It has the perfect hit of ginger, with overtones of Cloves and Cardamom. 
Ditching the shortcrust for Filo, the Lamb and Vegetable Samosas are served with a side of Mint, Tamarind and Tomato Chutneys, the perfect combination for the savoury stuffed flaky pastry to contrast with the sourness of the dipping sauces. 
The Okra fries marinated with traditional blends of Indian spices are little munchies that kids seem to wipe off plates in no time. 
To end with, I tried the Keema Pav. Undoubtedly the BEST I have ever tried. Made from lamb mince that is slowly stewed in a mixture of flavoursome spices, oil and onions, the Keema is a smooth curry that is scooped up in freshly baked buns toasted with Desi Ghee. An experience that can not be explained to its full depth of flavours and emotions. 
Unquestionably the deserving recipient of Yelp's Best restaurant award for 3 years in a row.
.
.
.
.
.
.
.
#food #foodporn #tea #chai #samosa #fries #okra #lamb #mutton #pav #pavbhaji #keema #masala #spice #dishoom #london #england #glass #evening #iranian #parsi #mumbai #jazz #jazzmusic #jukebox #indian #desi #snacks",#iranian #okra #england #parsi #mumbai #jukebox #fries #keema #snacks #spice #chai #pav #foodporn #indian #jazz #masala #dishoom #jazzmusic #glass #lamb #samosa #desi #food #evening #mutton #pavbhaji #london #tea,"['iranian', 'okra', 'england', 'parsi', 'mumbai', 'jukebox', 'fries', 'keema', 'snacks', 'spice', 'chai', 'pav', 'foodporn', 'indian', 'jazz', 'masala', 'dishoom', 'jazzmusic', 'glass', 'lamb', 'samosa', 'desi', 'food', 'evening', 'mutton', 'pavbhaji', 'london', 'tea']","Paying homage to the 20th century Iranian Cafés of Mumbai, Dishoom showcases the old school welcoming themes of jazz music, coupled with food that strikes a cord with every Indian that crosses the majestic doorway. 
As you enter, you are greeted by old school jukeboxes, Parsi themed decor, stained glass lamps and a friendly server that leads you to an inviting booth. 
The bottomless Masala Chai served in the iconic Railway glasses does justice to India's drink of choice over biscuits. It has the perfect hit of ginger, with overtones of Cloves and Cardamom. 
Ditching the shortcrust for Filo, the Lamb and Vegetable Samosas are served with a side of Mint, Tamarind and Tomato Chutneys, the perfect combination for the savoury stuffed flaky pastry to contrast with the sourness of the dipping sauces. 
The Okra fries marinated with traditional blends of Indian spices are little munchies that kids seem to wipe off plates in no time. 
To end with, I tried the Keema Pav. Undoubtedly the BEST I have ever tried. Made from lamb mince that is slowly stewed in a mixture of flavoursome spices, oil and onions, the Keema is a smooth curry that is scooped up in freshly baked buns toasted with Desi Ghee. An experience that can not be explained to its full depth of flavours and emotions. 
Unquestionably the deserving recipient of Yelp's Best restaurant award for 3 years in a row.
.
.
.
.
.
.
.
#food #foodporn #tea #chai #samosa #fries #okra #lamb #mutton #pav #pavbhaji #keema #masala #spice #dishoom #london #england #glass #evening #iranian #parsi #mumbai #jazz #jazzmusic #jukebox #indian #desi #snacks #iranian #okra #england #parsi #mumbai #jukebox #fries #keema #snacks #spice #chai #pav #foodporn #indian #jazz #masala #dishoom #jazzmusic #glass #lamb #samosa #desi #food #evening #mutton #pavbhaji #london #tea",48,0,1535170791,False,1820,299,paying homage to the 20th century iranian cafe of mumbai dishoom showcases the old school welcoming themes of jazz music coupled with food that strikes cord with every indian that crosses the majestic doorway as you enter you are greeted by old school jukeboxes parsi themed decor stained glass lamps and friendly server that leads you to an inviting booth the bottomless masala chai served in the iconic railway glasses does justice to india drink of choice over biscuits it has the perfect hit of ginger with overtones of cloves and cardamom ditching the shortcrust for filo the lamb and vegetable samosas are served with side of mint tamarind and tomato chutneys the perfect combination for the savoury stuffed flaky pastry to contrast with the sourness of the dipping sauces the okra fries marinated with traditional blends of indian spices are little munchies that kids seem to wipe off plates in no time to end with tried the keema undoubtedly the best have ever tried made from lamb mince that is slowly stewed in mixture of flavoursome spices oil and onions the keema is smooth curry that is scooped up in freshly baked buns toasted with desi ghee an experience that can not be explained to its full depth of flavours and emotions unquestionably the deserving recipient of yelp best restaurant award for years in row food foodporn tea chai samosa fries okra lamb mutton keema masala spice dishoom london england glass evening iranian parsi mumbai jazz jazzmusic jukebox indian desi snacks iranian okra england parsi mumbai jukebox fries keema snacks spice chai foodporn indian jazz masala dishoom jazzmusic glass lamb samosa desi food evening mutton london tea,0,0.2299,77.01,CORRECT
1854241574806817676,Bm7luNaHwuM,39330475_252879678892410_1484587550742937600_n.jpg,images/0/39330475_252879678892410_1484587550742937600_n.jpg,0,"This Raksha Bandhan, We pray to God that may our bond of love continue to grow stronger.
.
.
.
.
.
.
#motabamasala #spicy #tasteful #authentic #best #ingredients #chartmasala #pavbhaji #daltadka #teamasala #rainmaker",#daltadka #chartmasala #teamasala #rainmaker #ingredients #motabamasala #spicy #tasteful #pavbhaji #authentic #best,"['daltadka', 'chartmasala', 'teamasala', 'rainmaker', 'ingredients', 'motabamasala', 'spicy', 'tasteful', 'pavbhaji', 'authentic', 'best']","This Raksha Bandhan, We pray to God that may our bond of love continue to grow stronger.
.
.
.
.
.
.
#motabamasala #spicy #tasteful #authentic #best #ingredients #chartmasala #pavbhaji #daltadka #teamasala #rainmaker #daltadka #chartmasala #teamasala #rainmaker #ingredients #motabamasala #spicy #tasteful #pavbhaji #authentic #best",20,0,1535262842,False,332,45,this raksha bandhan we pray to god that may our bond of love continue to grow stronger motabamasala spicy tasteful authentic best ingredients chartmasala daltadka teamasala rainmaker daltadka chartmasala teamasala rainmaker ingredients motabamasala spicy tasteful authentic best,0,0.4706,52.94,CORRECT
1855037016364805732,Bm-alaFn-5k,39979218_907398179465424_4280824617234333696_n.jpg,images/0/39979218_907398179465424_4280824617234333696_n.jpg,0,Any pav bhaji lovers here? 😍,,[],Any pav bhaji lovers here? 😍,236,10,1535357666,False,28,6,any lovers here,0,0.4651,53.49,CORRECT
1853603326752314543,Bm5UmeljdSv,39260559_2164619040461761_5431907935968034816_n.jpg,images/1/39260559_2164619040461761_5431907935968034816_n.jpg,1,"Pav Bhaji , is an Indian fast food dish , consisting of thick vegetable curry , fried and served with a soft bread roll
.
The dish originated in the 1850s as a fast lunchtime dish for textile mill workers & is now offered at outlets from simple hand carts to formal restaurants in India and abroad!
.
1619
.
#indianstreetfood #indianfastfood #pavbhaji #indianfood #nikond3400 #nikond3400photography #nikonindia #foodphotography #yourshot_india #natgeoyourshot #nikonphotography #indianphotographyinc #clickoftheday #clickshotindia #shutterhubindia #indianshutterbugs #clickindiaclick #photographersofindia #nikon1855mm #foodphotograph #indianflavours #indianphotographersclub #clickclick",#clickindiaclick #nikon1855mm #foodphotography #indianstreetfood #indianshutterbugs #indianfood #nikond3400 #indianphotographyinc #photographersofindia #nikonindia #nikond3400photography #clickoftheday #clickclick #nikonphotography #foodphotograph #natgeoyourshot #clickshotindia #indianfastfood #shutterhubindia #yourshot_india #indianflavours #pavbhaji #indianphotographersclub,"['clickindiaclick', 'nikon1855mm', 'foodphotography', 'indianstreetfood', 'indianshutterbugs', 'indianfood', 'nikond3400', 'indianphotographyinc', 'photographersofindia', 'nikonindia', 'nikond3400photography', 'clickoftheday', 'clickclick', 'nikonphotography', 'foodphotograph', 'natgeoyourshot', 'clickshotindia', 'indianfastfood', 'shutterhubindia', 'yourshot_india', 'indianflavours', 'pavbhaji', 'indianphotographersclub']","Pav Bhaji , is an Indian fast food dish , consisting of thick vegetable curry , fried and served with a soft bread roll
.
The dish originated in the 1850s as a fast lunchtime dish for textile mill workers & is now offered at outlets from simple hand carts to formal restaurants in India and abroad!
.
1619
.
#indianstreetfood #indianfastfood #pavbhaji #indianfood #nikond3400 #nikond3400photography #nikonindia #foodphotography #yourshot_india #natgeoyourshot #nikonphotography #indianphotographyinc #clickoftheday #clickshotindia #shutterhubindia #indianshutterbugs #clickindiaclick #photographersofindia #nikon1855mm #foodphotograph #indianflavours #indianphotographersclub #clickclick #clickindiaclick #nikon1855mm #foodphotography #indianstreetfood #indianshutterbugs #indianfood #nikond3400 #indianphotographyinc #photographersofindia #nikonindia #nikond3400photography #clickoftheday #clickclick #nikonphotography #foodphotograph #natgeoyourshot #clickshotindia #indianfastfood #shutterhubindia #yourshot_india #indianflavours #pavbhaji #indianphotographersclub",55,1,1535186757,False,1067,106,is an indian fast food dish consisting of thick vegetable curry fried and served with soft bread roll the dish originated in the 1850s as fast lunchtime dish for textile mill workers is now offered at outlets from simple hand carts to formal restaurants in india and abroad 1619 indianstreetfood indianfastfood indianfood nikond3400 nikond3400photography nikonindia foodphotography yourshot india natgeoyourshot nikonphotography indianphotographyinc clickoftheday clickshotindia shutterhubindia indianshutterbugs clickindiaclick photographersofindia nikon1855mm foodphotograph indianflavours indianphotographersclub clickclick clickindiaclick nikon1855mm foodphotography indianstreetfood indianshutterbugs indianfood nikond3400 indianphotographyinc photographersofindia nikonindia nikond3400photography clickoftheday clickclick nikonphotography foodphotograph natgeoyourshot clickshotindia indianfastfood shutterhubindia yourshot india indianflavours indianphotographersclub,0,0.4417,55.83,MISCLASSIFIED
1851338282551878533,BmxRlvyliOF,39486236_459264947926721_1963799858233999360_n.jpg,images/0/39486236_459264947926721_1963799858233999360_n.jpg,0,"Poha for breakfast 😍Simple and easy to make, but super yummmy! .
.
. .
Follow @rassasy_delight
. .
.
. .
.
#noida #delhigram #kerala #delhidiaries #delhi #delhi_igers #waiwai #somumbai #sodelhi #bengaluru #newdelhi #mumbaidiaries #kolkata #sokolkata #delhifoodblogger #panipuri #kolkatadiaries #pavbhaji #kolkatagram #westbengal #delhifoodie #nepal #mumbaifoodie #mumbai #golgappe #golgappa #indianfood #poha",#westbengal #delhifoodie #mumbai #sokolkata #panipuri #mumbaifoodie #newdelhi #kolkatadiaries #waiwai #indianfood #mumbaidiaries #delhidiaries #golgappa #kolkatagram #golgappe #poha #kerala #nepal #delhifoodblogger #somumbai #kolkata #delhigram #pavbhaji #delhi #bengaluru #noida #delhi_igers #sodelhi,"['westbengal', 'delhifoodie', 'mumbai', 'sokolkata', 'panipuri', 'mumbaifoodie', 'newdelhi', 'kolkatadiaries', 'waiwai', 'indianfood', 'mumbaidiaries', 'delhidiaries', 'golgappa', 'kolkatagram', 'golgappe', 'poha', 'kerala', 'nepal', 'delhifoodblogger', 'somumbai', 'kolkata', 'delhigram', 'pavbhaji', 'delhi', 'bengaluru', 'noida', 'delhi_igers', 'sodelhi']","Poha for breakfast 😍Simple and easy to make, but super yummmy! .
.
. .
Follow @rassasy_delight
. .
.
. .
.
#noida #delhigram #kerala #delhidiaries #delhi #delhi_igers #waiwai #somumbai #sodelhi #bengaluru #newdelhi #mumbaidiaries #kolkata #sokolkata #delhifoodblogger #panipuri #kolkatadiaries #pavbhaji #kolkatagram #westbengal #delhifoodie #nepal #mumbaifoodie #mumbai #golgappe #golgappa #indianfood #poha #westbengal #delhifoodie #mumbai #sokolkata #panipuri #mumbaifoodie #newdelhi #kolkatadiaries #waiwai #indianfood #mumbaidiaries #delhidiaries #golgappa #kolkatagram #golgappe #poha #kerala #nepal #delhifoodblogger #somumbai #kolkata #delhigram #pavbhaji #delhi #bengaluru #noida #delhi_igers #sodelhi",29,0,1534916743,False,710,79,poha for breakfast simple and easy to make but super yummmy follow noida delhigram kerala delhidiaries delhi delhi igers waiwai somumbai sodelhi bengaluru newdelhi mumbaidiaries kolkata sokolkata delhifoodblogger panipuri kolkatadiaries kolkatagram westbengal delhifoodie nepal mumbaifoodie mumbai golgappe golgappa indianfood poha westbengal delhifoodie mumbai sokolkata panipuri mumbaifoodie newdelhi kolkatadiaries waiwai indianfood mumbaidiaries delhidiaries golgappa kolkatagram golgappe poha kerala nepal delhifoodblogger somumbai kolkata delhigram delhi bengaluru noida delhi igers sodelhi,0,0.0702,92.98,CORRECT
1852400755380569406,Bm1DKwuH8U-,38989702_1328834960584014_3332678261074663155_n.jpg,images/1/38989702_1328834960584014_3332678261074663155_n.jpg,1,"📌 Pav Bhaji
📍Location : Preeti Sandwich & Juice Center
Kavesar,  Near DMart, Ghodbhunder Road
.
Anyone up for some hot,  butterilicious,  yummy Pav bhaji for dinner😋?? It has been raining all day on and off, feeling lazy to go out so got home delivery 😛😊
.
follow us for more food updates @harshadasinghh
.
#food #foodie #indianfood #foodgasm #thanefoodie #Dinner #foodreviewindia #popularfood #instagood #instamoods #foodphotography #indianfoodtales #bombayfood #foodaddiction #indianfoodie #whatsonmyplate #vegetarianrecipes #instagood #wahhindia #foodiesofindia #instamumbai #mumbai #thanefoodie #thane #foodie #thaneblogger #thingstodointhane #yum #india_gram #ghodbunderroad #ghodbhunder #pavbhaji",#vegetarianrecipes #foodphotography #mumbai #foodie #foodreviewindia #indianfoodie #foodiesofindia #bombayfood #thaneblogger #popularfood #indianfood #instamoods #thanefoodie #Dinner #thingstodointhane #thane #wahhindia #india_gram #yum #ghodbhunder #whatsonmyplate #instamumbai #instagood #foodaddiction #indianfoodtales #food #pavbhaji #foodgasm #ghodbunderroad,"['vegetarianrecipes', 'foodphotography', 'mumbai', 'foodie', 'foodreviewindia', 'indianfoodie', 'foodiesofindia', 'bombayfood', 'thaneblogger', 'popularfood', 'indianfood', 'instamoods', 'thanefoodie', 'Dinner', 'thingstodointhane', 'thane', 'wahhindia', 'india_gram', 'yum', 'ghodbhunder', 'whatsonmyplate', 'instamumbai', 'instagood', 'foodaddiction', 'indianfoodtales', 'food', 'pavbhaji', 'foodgasm', 'ghodbunderroad']","📌 Pav Bhaji
📍Location : Preeti Sandwich & Juice Center
Kavesar,  Near DMart, Ghodbhunder Road
.
Anyone up for some hot,  butterilicious,  yummy Pav bhaji for dinner😋?? It has been raining all day on and off, feeling lazy to go out so got home delivery 😛😊
.
follow us for more food updates @harshadasinghh
.
#food #foodie #indianfood #foodgasm #thanefoodie #Dinner #foodreviewindia #popularfood #instagood #instamoods #foodphotography #indianfoodtales #bombayfood #foodaddiction #indianfoodie #whatsonmyplate #vegetarianrecipes #instagood #wahhindia #foodiesofindia #instamumbai #mumbai #thanefoodie #thane #foodie #thaneblogger #thingstodointhane #yum #india_gram #ghodbunderroad #ghodbhunder #pavbhaji #vegetarianrecipes #foodphotography #mumbai #foodie #foodreviewindia #indianfoodie #foodiesofindia #bombayfood #thaneblogger #popularfood #indianfood #instamoods #thanefoodie #Dinner #thingstodointhane #thane #wahhindia #india_gram #yum #ghodbhunder #whatsonmyplate #instamumbai #instagood #foodaddiction #indianfoodtales #food #pavbhaji #foodgasm #ghodbunderroad",65,7,1535043399,False,1066,116,location preeti sandwich juice center kavesar near dmart ghodbhunder road anyone up for some hot butterilicious yummy for dinner it has been raining all day on and off feeling lazy to go out so got home delivery follow us for more food updates food foodie indianfood foodgasm thanefoodie dinner foodreviewindia popularfood instagood instamoods foodphotography indianfoodtales bombayfood foodaddiction indianfoodie whatsonmyplate vegetarianrecipes instagood wahhindia foodiesofindia instamumbai mumbai thanefoodie thane foodie thaneblogger thingstodointhane yum india gram ghodbunderroad ghodbhunder vegetarianrecipes foodphotography mumbai foodie foodreviewindia indianfoodie foodiesofindia bombayfood thaneblogger popularfood indianfood instamoods thanefoodie dinner thingstodointhane thane wahhindia india gram yum ghodbhunder whatsonmyplate instamumbai instagood foodaddiction indianfoodtales food foodgasm ghodbunderroad,1,0.5692,56.92,CORRECT
1851442018335487818,BmxpLTRHndK,38833118_1134963366661294_7335515996507078656_n.jpg,images/1/38833118_1134963366661294_7335515996507078656_n.jpg,1,"Buttery Masala Pav Bhaaji 😍
.
Pav Bhaaji is for all seasons , all moods 🤤🤑
.
🍽🍞🍽🍞🍽🍞🍽🍞🍽🍞🍽🍞🍽🍞🍽🍞
.
Place : Bombay Pav bhaji
Price : ₹70 ( approx )
Taste : 4.5/5
.
DM for Collaborations.
.
For more exciting food posts follow :
@bribingtastebuds 
@bribingtastebuds 
@bribingtastebuds
.
#pavbhaji#mumbai#butter#bloggerlife#yummy#tasty#likes#follow#followforfollow#instafood#foodnetwork#foodporn#foodgasm#foodstagram#tweegram#foodsex#foodcoma#india#usa#uk#canada#instagood#instadaily#foodielife#foodlover#bribingtastebuds",#foodnetwork #mumbai #foodcoma #followforfollow #likes #usa #tweegram #foodlover #foodsex #follow #bloggerlife #instafood #instadaily #foodporn #butter #india #bribingtastebuds #foodstagram #yummy #foodielife #instagood #tasty #pavbhaji #foodgasm #uk #canada,"['foodnetwork', 'mumbai', 'foodcoma', 'followforfollow', 'likes', 'usa', 'tweegram', 'foodlover', 'foodsex', 'follow', 'bloggerlife', 'instafood', 'instadaily', 'foodporn', 'butter', 'india', 'bribingtastebuds', 'foodstagram', 'yummy', 'foodielife', 'instagood', 'tasty', 'pavbhaji', 'foodgasm', 'uk', 'canada']","Buttery Masala Pav Bhaaji 😍
.
Pav Bhaaji is for all seasons , all moods 🤤🤑
.
🍽🍞🍽🍞🍽🍞🍽🍞🍽🍞🍽🍞🍽🍞🍽🍞
.
Place : Bombay Pav bhaji
Price : ₹70 ( approx )
Taste : 4.5/5
.
DM for Collaborations.
.
For more exciting food posts follow :
@bribingtastebuds 
@bribingtastebuds 
@bribingtastebuds
.
#pavbhaji#mumbai#butter#bloggerlife#yummy#tasty#likes#follow#followforfollow#instafood#foodnetwork#foodporn#foodgasm#foodstagram#tweegram#foodsex#foodcoma#india#usa#uk#canada#instagood#instadaily#foodielife#foodlover#bribingtastebuds #foodnetwork #mumbai #foodcoma #followforfollow #likes #usa #tweegram #foodlover #foodsex #follow #bloggerlife #instafood #instadaily #foodporn #butter #india #bribingtastebuds #foodstagram #yummy #foodielife #instagood #tasty #pavbhaji #foodgasm #uk #canada",59,2,1534929109,False,773,76,buttery masala bhaaji bhaaji is for all seasons all moods place bombay price 70 approx taste dm for collaborations for more exciting food posts follow mumbaibutterbloggerlifeyummytastylikesfollowfollowforfollowinstafoodfoodnetworkfoodpornfoodgasmfoodstagramtweegramfoodsexfoodcomaindiausaukcanadainstagoodinstadailyfoodielifefoodloverbribingtastebuds foodnetwork mumbai foodcoma followforfollow likes usa tweegram foodlover foodsex follow bloggerlife instafood instadaily foodporn butter india bribingtastebuds foodstagram yummy foodielife instagood tasty foodgasm uk canada,1,0.8308,83.08,CORRECT
1852262098610773379,Bm0jpCinV2D,39238050_233105004049300_8993591909289033728_n.jpg,images/0/39238050_233105004049300_8993591909289033728_n.jpg,0,#PavBhaji #HomeMade #Fondue #PavBhajiFondue #LoveFood #Home #HomeFood #LoveCooking #Cooking #LovePavBhaji,#HomeFood #Fondue #HomeMade #PavBhajiFondue #Home #LoveCooking #LoveFood #LovePavBhaji #PavBhaji #Cooking,"['HomeFood', 'Fondue', 'HomeMade', 'PavBhajiFondue', 'Home', 'LoveCooking', 'LoveFood', 'LovePavBhaji', 'PavBhaji', 'Cooking']",#PavBhaji #HomeMade #Fondue #PavBhajiFondue #LoveFood #Home #HomeFood #LoveCooking #Cooking #LovePavBhaji #HomeFood #Fondue #HomeMade #PavBhajiFondue #Home #LoveCooking #LoveFood #LovePavBhaji #PavBhaji #Cooking,43,5,1535026870,False,211,20,homemade fondue lovefood home homefood lovecooking cooking love homefood fondue homemade home lovecooking lovefood love cooking,1,0.5919,59.19,MISCLASSIFIED
1853880897158350981,Bm6TtqLAYiF,39061589_530258890744698_7615918923610849280_n.jpg,images/0/39061589_530258890744698_7615918923610849280_n.jpg,0,"Mini Pizza 
Special Pav bhaji Pizza
@bittybatter 
#food 
#pizza 
#foodphotography 
#rajasfuladiphotography 
#photography 
#snapseed 
#instafood 
#mumbaifoodlovers 
#tasty 
#cheese 
#pavbhaji 
#blogger 
#foodblogger 
#instagram",#mumbaifoodlovers #foodphotography #foodblogger #food #rajasfuladiphotography #snapseed #tasty #instagram #blogger #pavbhaji #photography #instafood #pizza #cheese,"['mumbaifoodlovers', 'foodphotography', 'foodblogger', 'food', 'rajasfuladiphotography', 'snapseed', 'tasty', 'instagram', 'blogger', 'pavbhaji', 'photography', 'instafood', 'pizza', 'cheese']","Mini Pizza 
Special Pav bhaji Pizza
@bittybatter 
#food 
#pizza 
#foodphotography 
#rajasfuladiphotography 
#photography 
#snapseed 
#instafood 
#mumbaifoodlovers 
#tasty 
#cheese 
#pavbhaji 
#blogger 
#foodblogger 
#instagram #mumbaifoodlovers #foodphotography #foodblogger #food #rajasfuladiphotography #snapseed #tasty #instagram #blogger #pavbhaji #photography #instafood #pizza #cheese",79,1,1535219846,False,390,35,mini pizza special pizza food pizza foodphotography rajasfuladiphotography photography snapseed instafood mumbaifoodlovers tasty cheese blogger foodblogger instagram mumbaifoodlovers foodphotography foodblogger food rajasfuladiphotography snapseed tasty instagram blogger photography instafood pizza cheese,0,0.4525,54.75,CORRECT
1852974365835124172,Bm3Fl5Fgd3M,38795107_1969211283100674_2578504854766878720_n.jpg,images/0/38795107_1969211283100674_2578504854766878720_n.jpg,0,"Add some colour to your plate by enjoying a helping of Pav Bhaji, an Indian roadside favourite. Made with a medley of veggies, this spicy dish is perfect for boosting your fibre intake. Little chefs can stay busy by washing or chopping the veggies. Use #TINC to share a snap of your family cooking up a storm!⠀
Recipe: http://bit.ly/pavandbhaji⠀
.⠀
.⠀
.⠀
#Ismaili #Muslim #PavBhaji #SouthAsian #Indian #FoodieFriday #Foodie #Friday #Homemade #HomemadeMeal #Lunch #Dinner #Hearty #Vegetarian #Veggies #Yum #Yummy #WholesomeMeal #Healthy #HealthyLifestyle #HealthyChoices #Delicious #GoodChoices #Recipe #Easy",#Yum #HomemadeMeal #Indian #Dinner #Muslim #Ismaili #WholesomeMeal #Vegetarian #Lunch #Recipe #SouthAsian #TINC #Homemade #Friday #Hearty #Easy #Delicious #GoodChoices #Foodie #FoodieFriday #HealthyChoices #Healthy #Veggies #Yummy #HealthyLifestyle #PavBhaji,"['Yum', 'HomemadeMeal', 'Indian', 'Dinner', 'Muslim', 'Ismaili', 'WholesomeMeal', 'Vegetarian', 'Lunch', 'Recipe', 'SouthAsian', 'TINC', 'Homemade', 'Friday', 'Hearty', 'Easy', 'Delicious', 'GoodChoices', 'Foodie', 'FoodieFriday', 'HealthyChoices', 'Healthy', 'Veggies', 'Yummy', 'HealthyLifestyle', 'PavBhaji']","Add some colour to your plate by enjoying a helping of Pav Bhaji, an Indian roadside favourite. Made with a medley of veggies, this spicy dish is perfect for boosting your fibre intake. Little chefs can stay busy by washing or chopping the veggies. Use #TINC to share a snap of your family cooking up a storm!⠀
Recipe: http://bit.ly/pavandbhaji⠀
.⠀
.⠀
.⠀
#Ismaili #Muslim #PavBhaji #SouthAsian #Indian #FoodieFriday #Foodie #Friday #Homemade #HomemadeMeal #Lunch #Dinner #Hearty #Vegetarian #Veggies #Yum #Yummy #WholesomeMeal #Healthy #HealthyLifestyle #HealthyChoices #Delicious #GoodChoices #Recipe #Easy #Yum #HomemadeMeal #Indian #Dinner #Muslim #Ismaili #WholesomeMeal #Vegetarian #Lunch #Recipe #SouthAsian #TINC #Homemade #Friday #Hearty #Easy #Delicious #GoodChoices #Foodie #FoodieFriday #HealthyChoices #Healthy #Veggies #Yummy #HealthyLifestyle #PavBhaji",40,0,1535111779,False,866,113,add some colour to your plate by enjoying helping of an indian roadside favourite made with medley of veggies this spicy dish is perfect for boosting your fibre intake little chefs can stay busy by washing or chopping the veggies use tinc to share snap of your family cooking up storm recipe ismaili muslim southasian indian foodiefriday foodie friday homemade homemademeal lunch dinner hearty vegetarian veggies yum yummy wholesomemeal healthy healthylifestyle healthychoices delicious goodchoices recipe easy yum homemademeal indian dinner muslim ismaili wholesomemeal vegetarian lunch recipe southasian tinc homemade friday hearty easy delicious goodchoices foodie foodiefriday healthychoices healthy veggies yummy healthylifestyle,1,0.5363,53.63,MISCLASSIFIED
1850980145663651413,BmwAKK0lS5V,38184104_556981888053798_4867000010035691520_n.jpg,images/1/38184104_556981888053798_4867000010035691520_n.jpg,1,"Pav Bhaji for Dinner. 😊
.
.
.
@mitali.joshi.7965 made Pav Bhaji using my recipe and I was craving for it too. So, I had to make it 😆",,[],"Pav Bhaji for Dinner. 😊
.
.
.
@mitali.joshi.7965 made Pav Bhaji using my recipe and I was craving for it too. So, I had to make it 😆",162,8,1534874049,False,132,29,for dinner joshi 7965 made using my recipe and was craving for it too so had to make it,1,0.5844,58.44,CORRECT
1667503813614325092,BckKeI4F01k,25007049_1999304547019423_8482995541326692352_n.jpg,images/0/25007049_1999304547019423_8482995541326692352_n.jpg,0,#panipuri #pavbhaji #gulabjamun #kulfi #idiev #idli #vada #tundercoconut #fishfry #samosa #butterchicken #limesoda #biryani #palakpaneer #ladoo #jalebi #vadapav #chapathi #masaladosa #pickle #foodlover #foodillustration #sticker #snapchats #indianfood #spicy #satishgangaiah #streetfood #worldfood #emojis,#emojis #vadapav #worldfood #panipuri #chapathi #sticker #indianfood #fishfry #butterchicken #foodlover #snapchats #ladoo #spicy #idiev #palakpaneer #idli #biryani #masaladosa #tundercoconut #samosa #limesoda #kulfi #foodillustration #satishgangaiah #vada #jalebi #streetfood #pavbhaji #gulabjamun #pickle,"['emojis', 'vadapav', 'worldfood', 'panipuri', 'chapathi', 'sticker', 'indianfood', 'fishfry', 'butterchicken', 'foodlover', 'snapchats', 'ladoo', 'spicy', 'idiev', 'palakpaneer', 'idli', 'biryani', 'masaladosa', 'tundercoconut', 'samosa', 'limesoda', 'kulfi', 'foodillustration', 'satishgangaiah', 'vada', 'jalebi', 'streetfood', 'pavbhaji', 'gulabjamun', 'pickle']",#panipuri #pavbhaji #gulabjamun #kulfi #idiev #idli #vada #tundercoconut #fishfry #samosa #butterchicken #limesoda #biryani #palakpaneer #ladoo #jalebi #vadapav #chapathi #masaladosa #pickle #foodlover #foodillustration #sticker #snapchats #indianfood #spicy #satishgangaiah #streetfood #worldfood #emojis #emojis #vadapav #worldfood #panipuri #chapathi #sticker #indianfood #fishfry #butterchicken #foodlover #snapchats #ladoo #spicy #idiev #palakpaneer #idli #biryani #masaladosa #tundercoconut #samosa #limesoda #kulfi #foodillustration #satishgangaiah #vada #jalebi #streetfood #pavbhaji #gulabjamun #pickle,84,4,1513001966,False,611,60,panipuri gulabjamun kulfi idiev idli vada tundercoconut fishfry samosa butterchicken limesoda biryani palakpaneer ladoo jalebi vadapav chapathi masaladosa pickle foodlover foodillustration sticker snapchats indianfood spicy satishgangaiah streetfood worldfood emojis emojis vadapav worldfood panipuri chapathi sticker indianfood fishfry butterchicken foodlover snapchats ladoo spicy idiev palakpaneer idli biryani masaladosa tundercoconut samosa limesoda kulfi foodillustration satishgangaiah vada jalebi streetfood gulabjamun pickle,0,0.1269,87.31,CORRECT
1851374155568704019,BmxZvxJAuoT,39272025_2153941688192795_485868643511435264_n.jpg,images/1/39272025_2153941688192795_485868643511435264_n.jpg,1,"Are you the guy who love spicy street food.. choose and share your fav ones a) vada pav b) pav bhaji..
😋😋😋😋
Follow us @simplytadka ....
....
#pavbhaji #streetfood #instagood #instafood #likeforlikes #like4likes #foodtalkindia #foodstyling #food #foodblogging #foodshots #delhigram #delhifood #delhifoodblogger #simplytadka #delhifoodie #delhi_foodie #delhi_igers #delhidiaries #foodlovers #foodphotography #foodism #foodgram #food52 #foodmaniacindia #foodstagram #foodstylist",#foodgram #foodphotography #foodmaniacindia #delhifoodie #foodblogging #simplytadka #foodstyling #delhidiaries #instafood #delhi_foodie #foodlovers #delhifood #foodism #food52 #foodstagram #like4likes #instagood #delhifoodblogger #foodstylist #food #foodshots #delhigram #streetfood #pavbhaji #foodtalkindia #delhi_igers #likeforlikes,"['foodgram', 'foodphotography', 'foodmaniacindia', 'delhifoodie', 'foodblogging', 'simplytadka', 'foodstyling', 'delhidiaries', 'instafood', 'delhi_foodie', 'foodlovers', 'delhifood', 'foodism', 'food52', 'foodstagram', 'like4likes', 'instagood', 'delhifoodblogger', 'foodstylist', 'food', 'foodshots', 'delhigram', 'streetfood', 'pavbhaji', 'foodtalkindia', 'delhi_igers', 'likeforlikes']","Are you the guy who love spicy street food.. choose and share your fav ones a) vada pav b) pav bhaji..
😋😋😋😋
Follow us @simplytadka ....
....
#pavbhaji #streetfood #instagood #instafood #likeforlikes #like4likes #foodtalkindia #foodstyling #food #foodblogging #foodshots #delhigram #delhifood #delhifoodblogger #simplytadka #delhifoodie #delhi_foodie #delhi_igers #delhidiaries #foodlovers #foodphotography #foodism #foodgram #food52 #foodmaniacindia #foodstagram #foodstylist #foodgram #foodphotography #foodmaniacindia #delhifoodie #foodblogging #simplytadka #foodstyling #delhidiaries #instafood #delhi_foodie #foodlovers #delhifood #foodism #food52 #foodstagram #like4likes #instagood #delhifoodblogger #foodstylist #food #foodshots #delhigram #streetfood #pavbhaji #foodtalkindia #delhi_igers #likeforlikes",59,1,1534921019,False,810,81,are you the guy who love spicy street food choose and share your fav ones vada follow us streetfood instagood instafood likeforlikes like4likes foodtalkindia foodstyling food foodblogging foodshots delhigram delhifood delhifoodblogger simplytadka delhifoodie delhi foodie delhi igers delhidiaries foodlovers foodphotography foodism foodgram food52 foodmaniacindia foodstagram foodstylist foodgram foodphotography foodmaniacindia delhifoodie foodblogging simplytadka foodstyling delhidiaries instafood delhi foodie foodlovers delhifood foodism food52 foodstagram like4likes instagood delhifoodblogger foodstylist food foodshots delhigram streetfood foodtalkindia delhi igers likeforlikes,0,0.4799,52.01,MISCLASSIFIED
1854648579780896757,Bm9CQ6VBef1,39178517_1836337046415117_3829827702257352704_n.jpg,images/0/39178517_1836337046415117_3829827702257352704_n.jpg,0,What a way to spend a rainy Sunday than having a day of cooking comforting #Indian food courtesy of @meerasodha #freshindia and #madeinindia #dhokla with #cauliflower #chickpea and #pomegranate #chaat for lunch and #dishaspavbhaji for tea #pavbhaji #indianfood #vegetarian #homemade,#madeinindia #dishaspavbhaji #chaat #homemade #vegetarian #pavbhaji #Indian #cauliflower #freshindia #chickpea #indianfood #dhokla #pomegranate,"['madeinindia', 'dishaspavbhaji', 'chaat', 'homemade', 'vegetarian', 'pavbhaji', 'Indian', 'cauliflower', 'freshindia', 'chickpea', 'indianfood', 'dhokla', 'pomegranate']",What a way to spend a rainy Sunday than having a day of cooking comforting #Indian food courtesy of @meerasodha #freshindia and #madeinindia #dhokla with #cauliflower #chickpea and #pomegranate #chaat for lunch and #dishaspavbhaji for tea #pavbhaji #indianfood #vegetarian #homemade #madeinindia #dishaspavbhaji #chaat #homemade #vegetarian #pavbhaji #Indian #cauliflower #freshindia #chickpea #indianfood #dhokla #pomegranate,15,0,1535311361,False,426,53,what way to spend rainy sunday than having day of cooking comforting indian food courtesy of freshindia and madeinindia dhokla with cauliflower chickpea and pomegranate chaat for lunch and dishas for tea indianfood vegetarian homemade madeinindia dishas chaat homemade vegetarian indian cauliflower freshindia chickpea indianfood dhokla pomegranate,1,0.6353,63.53,MISCLASSIFIED
1852425275079254943,Bm1IvkeDeOf,38963911_329993280901556_4470024927419826176_n.jpg,images/1/38963911_329993280901556_4470024927419826176_n.jpg,1,"Treat for family & friends!

I love cooking and preparing meal for family & friends. That's in between handling my naughty bunch of sweets👭

And for the #convectionmicrowave lovers, tried pizza in my new #LG convection microwave. It did turn out to be yummy!

#pavbhaji #pizza #homemade

#foodblogger #homemaker #sahm #sahmlife #kitchenqueen #foodlove #foodie #blogger #indianblogger #mommyblogger #foodblogger #likeforlike #followforfollow #genuineaccountonly",#indianblogger #foodlove #homemaker #foodblogger #sahmlife #foodie #blogger #pavbhaji #LG #sahm #genuineaccountonly #pizza #convectionmicrowave #followforfollow #likeforlike #mommyblogger #kitchenqueen #homemade,"['indianblogger', 'foodlove', 'homemaker', 'foodblogger', 'sahmlife', 'foodie', 'blogger', 'pavbhaji', 'LG', 'sahm', 'genuineaccountonly', 'pizza', 'convectionmicrowave', 'followforfollow', 'likeforlike', 'mommyblogger', 'kitchenqueen', 'homemade']","Treat for family & friends!

I love cooking and preparing meal for family & friends. That's in between handling my naughty bunch of sweets👭

And for the #convectionmicrowave lovers, tried pizza in my new #LG convection microwave. It did turn out to be yummy!

#pavbhaji #pizza #homemade

#foodblogger #homemaker #sahm #sahmlife #kitchenqueen #foodlove #foodie #blogger #indianblogger #mommyblogger #foodblogger #likeforlike #followforfollow #genuineaccountonly #indianblogger #foodlove #homemaker #foodblogger #sahmlife #foodie #blogger #pavbhaji #LG #sahm #genuineaccountonly #pizza #convectionmicrowave #followforfollow #likeforlike #mommyblogger #kitchenqueen #homemade",38,2,1535046322,False,672,79,treat for family friends love cooking and preparing meal for family friends that in between handling my naughty bunch of sweets and for the convectionmicrowave lovers tried pizza in my new lg convection microwave it did turn out to be yummy pizza homemade foodblogger homemaker sahm sahmlife kitchenqueen foodlove foodie blogger indianblogger mommyblogger foodblogger likeforlike followforfollow genuineaccountonly indianblogger foodlove homemaker foodblogger sahmlife foodie blogger lg sahm genuineaccountonly pizza convectionmicrowave followforfollow likeforlike mommyblogger kitchenqueen homemade,0,0.4849,51.51,MISCLASSIFIED
1852019011179341683,BmzsXpunWdz,38861221_443367656184836_5275791703029055488_n.jpg,images/0/38861221_443367656184836_5275791703029055488_n.jpg,0,"There are people in the world so hungry, that God cannot appear to them except in the form of bread

#vegetarian  #veganfood  #friedchicken  #porkbelly  #indiancuisine
 #beefsteak  #stuffedpeppers  #foodnation  #groundturkey  #openfire
 #seasoned  #paratha  #cheesesauce  #chilliconcarne  #pavbhaji  #canned  #peppered #buzfeedfood  #veganfoodshare  #instaburger

Tag who likes it

Follow us for more",#beefsteak #paratha #veganfood #chilliconcarne #indiancuisine #cheesesauce #veganfoodshare #vegetarian #pavbhaji #groundturkey #porkbelly #canned #instaburger #stuffedpeppers #foodnation #peppered #friedchicken #buzfeedfood #seasoned #openfire,"['beefsteak', 'paratha', 'veganfood', 'chilliconcarne', 'indiancuisine', 'cheesesauce', 'veganfoodshare', 'vegetarian', 'pavbhaji', 'groundturkey', 'porkbelly', 'canned', 'instaburger', 'stuffedpeppers', 'foodnation', 'peppered', 'friedchicken', 'buzfeedfood', 'seasoned', 'openfire']","There are people in the world so hungry, that God cannot appear to them except in the form of bread

#vegetarian  #veganfood  #friedchicken  #porkbelly  #indiancuisine
 #beefsteak  #stuffedpeppers  #foodnation  #groundturkey  #openfire
 #seasoned  #paratha  #cheesesauce  #chilliconcarne  #pavbhaji  #canned  #peppered #buzfeedfood  #veganfoodshare  #instaburger

Tag who likes it

Follow us for more #beefsteak #paratha #veganfood #chilliconcarne #indiancuisine #cheesesauce #veganfoodshare #vegetarian #pavbhaji #groundturkey #porkbelly #canned #instaburger #stuffedpeppers #foodnation #peppered #friedchicken #buzfeedfood #seasoned #openfire",25,3,1534997892,False,644,68,there are people in the world so hungry that god cannot appear to them except in the form of bread vegetarian veganfood friedchicken porkbelly indiancuisine beefsteak stuffedpeppers foodnation groundturkey openfire seasoned paratha cheesesauce chilliconcarne canned peppered buzfeedfood veganfoodshare instaburger tag who likes it follow us for more beefsteak paratha veganfood chilliconcarne indiancuisine cheesesauce veganfoodshare vegetarian groundturkey porkbelly canned instaburger stuffedpeppers foodnation peppered friedchicken buzfeedfood seasoned openfire,0,0.3065,69.35,CORRECT
1852330855265912648,Bm0zRlKnsdI,39371750_2055756854737766_183383885084622848_n.jpg,images/1/39371750_2055756854737766_183383885084622848_n.jpg,1,"PAV BHAJI 
Sham ka street food
Is great like mumbai PAVBHAJI
........
FOLLOW @modernyatri

#pavbhaji #foodie #foodblogger #foodpics #food #foodgram #foodporn #foodgasm #foodtruck #vlogger #Blogger #delhigram #delhifoodie #delhite #delhifood #travel #delhi #delhifoodblogger #delhi6 #delhistreetfood #followforlike #like4likes #likeforlikes #followforfollowback #follow #modernyatri",#foodgram #foodblogger #delhifoodie #foodie #delhi6 #foodpics #travel #followforfollowback #delhite #follow #foodporn #modernyatri #followforlike #delhifood #foodtruck #Blogger #like4likes #delhifoodblogger #food #delhigram #delhistreetfood #pavbhaji #delhi #vlogger #likeforlikes #foodgasm,"['foodgram', 'foodblogger', 'delhifoodie', 'foodie', 'delhi6', 'foodpics', 'travel', 'followforfollowback', 'delhite', 'follow', 'foodporn', 'modernyatri', 'followforlike', 'delhifood', 'foodtruck', 'Blogger', 'like4likes', 'delhifoodblogger', 'food', 'delhigram', 'delhistreetfood', 'pavbhaji', 'delhi', 'vlogger', 'likeforlikes', 'foodgasm']","PAV BHAJI 
Sham ka street food
Is great like mumbai PAVBHAJI
........
FOLLOW @modernyatri

#pavbhaji #foodie #foodblogger #foodpics #food #foodgram #foodporn #foodgasm #foodtruck #vlogger #Blogger #delhigram #delhifoodie #delhite #delhifood #travel #delhi #delhifoodblogger #delhi6 #delhistreetfood #followforlike #like4likes #likeforlikes #followforfollowback #follow #modernyatri #foodgram #foodblogger #delhifoodie #foodie #delhi6 #foodpics #travel #followforfollowback #delhite #follow #foodporn #modernyatri #followforlike #delhifood #foodtruck #Blogger #like4likes #delhifoodblogger #food #delhigram #delhistreetfood #pavbhaji #delhi #vlogger #likeforlikes #foodgasm",67,2,1535035066,False,672,66,sham ka street food is great like mumbai follow foodie foodblogger foodpics food foodgram foodporn foodgasm foodtruck vlogger blogger delhigram delhifoodie delhite delhifood travel delhi delhifoodblogger delhi6 delhistreetfood followforlike like4likes likeforlikes followforfollowback follow modernyatri foodgram foodblogger delhifoodie foodie delhi6 foodpics travel followforfollowback delhite follow foodporn modernyatri followforlike delhifood foodtruck blogger like4likes delhifoodblogger food delhigram delhistreetfood delhi vlogger likeforlikes foodgasm,1,0.5723,57.23,CORRECT
1853072467276690243,Bm3b5dLFXND,39877922_1169307859887773_9082777545140600832_n.jpg,images/0/39877922_1169307859887773_9082777545140600832_n.jpg,0,"Homemade pav bhaji served with blob of butter and fresh cabbage as salad 😻
.
.
.
.

#instagram #foodporn #pavbhaji #healthy #vegetarian #india #asia #yummyinmytummy #eeeeeats #streetfood #food #potd #igers #delhi #followforfollowback #likeforlikes",#yummyinmytummy #india #instagram #food #followforfollowback #asia #vegetarian #pavbhaji #streetfood #potd #healthy #delhi #igers #foodporn #likeforlikes #eeeeeats,"['yummyinmytummy', 'india', 'instagram', 'food', 'followforfollowback', 'asia', 'vegetarian', 'pavbhaji', 'streetfood', 'potd', 'healthy', 'delhi', 'igers', 'foodporn', 'likeforlikes', 'eeeeeats']","Homemade pav bhaji served with blob of butter and fresh cabbage as salad 😻
.
.
.
.

#instagram #foodporn #pavbhaji #healthy #vegetarian #india #asia #yummyinmytummy #eeeeeats #streetfood #food #potd #igers #delhi #followforfollowback #likeforlikes #yummyinmytummy #india #instagram #food #followforfollowback #asia #vegetarian #pavbhaji #streetfood #potd #healthy #delhi #igers #foodporn #likeforlikes #eeeeeats",25,3,1535123474,False,411,50,homemade served with blob of butter and fresh cabbage as salad instagram foodporn healthy vegetarian india asia yummyinmytummy eeeeeats streetfood food potd igers delhi followforfollowback likeforlikes yummyinmytummy india instagram food followforfollowback asia vegetarian streetfood potd healthy delhi igers foodporn likeforlikes eeeeeats,1,0.7414,74.14,MISCLASSIFIED
1851651743197365385,BmyY3MxAwSJ,38710823_1613857648718183_8324817449207726080_n.jpg,images/1/38710823_1613857648718183_8324817449207726080_n.jpg,1,"Where : cafe Bollywood,central mall
What : pav bhaji all time favorite 
#foodlover#foodie#pavbhaji#yummy#awesome#hometownflavour#tasty#pune#punefoodie#centralmallpune#foddiegram#delicious",#punefoodie #centralmallpune #foodlover #awesome #pune #tasty #foodie #pavbhaji #foddiegram #delicious #yummy #hometownflavour,"['punefoodie', 'centralmallpune', 'foodlover', 'awesome', 'pune', 'tasty', 'foodie', 'pavbhaji', 'foddiegram', 'delicious', 'yummy', 'hometownflavour']","Where : cafe Bollywood,central mall
What : pav bhaji all time favorite 
#foodlover#foodie#pavbhaji#yummy#awesome#hometownflavour#tasty#pune#punefoodie#centralmallpune#foddiegram#delicious #punefoodie #centralmallpune #foodlover #awesome #pune #tasty #foodie #pavbhaji #foddiegram #delicious #yummy #hometownflavour",16,0,1534954110,False,314,25,where cafe bollywood central mall what all time favorite foodloverfoodie yummyawesomehometownflavourtastypunepunefoodiecentralmallpunefoddiegramdelicious punefoodie centralmallpune foodlover awesome pune tasty foodie foddiegram delicious yummy hometownflavour,0,0.4316,56.84,MISCLASSIFIED
1847855978683456938,Bmk5zjlgl2q,38485738_1070182246491219_3612906818444984320_n.jpg,images/1/38485738_1070182246491219_3612906818444984320_n.jpg,1,#pavbhaji,#pavbhaji,['pavbhaji'],#pavbhaji #pavbhaji,1,0,1534501620,False,19,2,,1,0.5446,54.46,CORRECT
1851569650576553384,BmyGMmDgnWo,39366602_313767902703954_7730736464723443712_n.jpg,images/0/39366602_313767902703954_7730736464723443712_n.jpg,0,"Presenting #pizzadosa @chennaichowpatty 
An awesome combination of the conventional dosa with delicious pizza toppings!! Full of #flavour!
Be here to relish the amazing varieties of #mumbaiflavours 🍴

#pavbhaji #chennaifoodie #chennai_trendies #foodblogger #foodislife #nammachennai #loveforfood #chennaidiaries📒💕 #newhangout #annanagar #shenoynagar #desifood #dosa #foodchennai #chennai_trendies #annanagarfoodie #igers #foodtalkindia #buzzfeedfood #mumbaifoodie #streetfood #junkfood #tempting #cheese #foodgasm #chennaiblogger #feedfeed #chennaitimes",#foodblogger #mumbaifoodie #flavour #junkfood #chennai_trendies #newhangout #pizzadosa #loveforfood #foodchennai #shenoynagar #chennaitimes #chennaiblogger #cheese #desifood #chennaidiaries #chennaifoodie #annanagarfoodie #annanagar #foodislife #dosa #buzzfeedfood #streetfood #pavbhaji #tempting #feedfeed #nammachennai #igers #foodtalkindia #foodgasm #mumbaiflavours,"['foodblogger', 'mumbaifoodie', 'flavour', 'junkfood', 'chennai_trendies', 'newhangout', 'pizzadosa', 'loveforfood', 'foodchennai', 'shenoynagar', 'chennaitimes', 'chennaiblogger', 'cheese', 'desifood', 'chennaidiaries', 'chennaifoodie', 'annanagarfoodie', 'annanagar', 'foodislife', 'dosa', 'buzzfeedfood', 'streetfood', 'pavbhaji', 'tempting', 'feedfeed', 'nammachennai', 'igers', 'foodtalkindia', 'foodgasm', 'mumbaiflavours']","Presenting #pizzadosa @chennaichowpatty 
An awesome combination of the conventional dosa with delicious pizza toppings!! Full of #flavour!
Be here to relish the amazing varieties of #mumbaiflavours 🍴

#pavbhaji #chennaifoodie #chennai_trendies #foodblogger #foodislife #nammachennai #loveforfood #chennaidiaries📒💕 #newhangout #annanagar #shenoynagar #desifood #dosa #foodchennai #chennai_trendies #annanagarfoodie #igers #foodtalkindia #buzzfeedfood #mumbaifoodie #streetfood #junkfood #tempting #cheese #foodgasm #chennaiblogger #feedfeed #chennaitimes #foodblogger #mumbaifoodie #flavour #junkfood #chennai_trendies #newhangout #pizzadosa #loveforfood #foodchennai #shenoynagar #chennaitimes #chennaiblogger #cheese #desifood #chennaidiaries #chennaifoodie #annanagarfoodie #annanagar #foodislife #dosa #buzzfeedfood #streetfood #pavbhaji #tempting #feedfeed #nammachennai #igers #foodtalkindia #foodgasm #mumbaiflavours",185,3,1534944324,False,922,85,presenting pizzadosa an awesome combination of the conventional dosa with delicious pizza toppings full of flavour be here to relish the amazing varieties of mumbaiflavours chennaifoodie chennai trendies foodblogger foodislife nammachennai loveforfood chennaidiaries newhangout annanagar shenoynagar desifood dosa foodchennai chennai trendies annanagarfoodie igers foodtalkindia buzzfeedfood mumbaifoodie streetfood junkfood tempting cheese foodgasm chennaiblogger feedfeed chennaitimes foodblogger mumbaifoodie flavour junkfood chennai trendies newhangout pizzadosa loveforfood foodchennai shenoynagar chennaitimes chennaiblogger cheese desifood chennaidiaries chennaifoodie annanagarfoodie annanagar foodislife dosa buzzfeedfood streetfood tempting feedfeed nammachennai igers foodtalkindia foodgasm mumbaiflavours,0,0.2461,75.39,CORRECT
1853733133397083069,Bm5yHacgUO9,39494060_2146948288925911_246364920440946688_n.jpg,images/0/39494060_2146948288925911_246364920440946688_n.jpg,0,Where is the Bhaji?? 🤔 #pavbhaji #cheese #streetfood #mumbai #foodporn #foodie,#mumbai #foodie #streetfood #pavbhaji #foodporn #cheese,"['mumbai', 'foodie', 'streetfood', 'pavbhaji', 'foodporn', 'cheese']",Where is the Bhaji?? 🤔 #pavbhaji #cheese #streetfood #mumbai #foodporn #foodie #mumbai #foodie #streetfood #pavbhaji #foodporn #cheese,9,1,1535202231,False,134,17,where is the cheese streetfood mumbai foodporn foodie mumbai foodie streetfood foodporn cheese,1,0.5852,58.52,MISCLASSIFIED
1850901770864535871,BmvuVqmhak_,39294744_1228134780656766_2536114897649926144_n.jpg,images/0/39294744_1228134780656766_2536114897649926144_n.jpg,0,"Utterly delicious ""PavBhaji"". If you crave for the Mumbai street food this place this the best location at Al Dajeej,Lulu hypermarket.

The tasty and mouth watering PavBhaji.

#indianexpresskuwait #aldajeej #farwaniya #foodblogger #pavbhaji #mumbaistreetfood #mouthwatering #kuwaitfoodies #foodiesofkuwait #foodstagram #foodoftheday #foodstyling  #foodlovers #foodforfoodies #fdblogger",#mumbaistreetfood #foodiesofkuwait #foodstyling #indianexpresskuwait #kuwaitfoodies #foodblogger #foodforfoodies #fdblogger #foodoftheday #mouthwatering #pavbhaji #farwaniya #aldajeej #foodstagram #foodlovers,"['mumbaistreetfood', 'foodiesofkuwait', 'foodstyling', 'indianexpresskuwait', 'kuwaitfoodies', 'foodblogger', 'foodforfoodies', 'fdblogger', 'foodoftheday', 'mouthwatering', 'pavbhaji', 'farwaniya', 'aldajeej', 'foodstagram', 'foodlovers']","Utterly delicious ""PavBhaji"". If you crave for the Mumbai street food this place this the best location at Al Dajeej,Lulu hypermarket.

The tasty and mouth watering PavBhaji.

#indianexpresskuwait #aldajeej #farwaniya #foodblogger #pavbhaji #mumbaistreetfood #mouthwatering #kuwaitfoodies #foodiesofkuwait #foodstagram #foodoftheday #foodstyling  #foodlovers #foodforfoodies #fdblogger #mumbaistreetfood #foodiesofkuwait #foodstyling #indianexpresskuwait #kuwaitfoodies #foodblogger #foodforfoodies #fdblogger #foodoftheday #mouthwatering #pavbhaji #farwaniya #aldajeej #foodstagram #foodlovers",26,0,1534864706,False,594,57,utterly delicious if you crave for the mumbai street food this place this the best location at al dajeej lulu hypermarket the tasty and mouth watering indianexpresskuwait aldajeej farwaniya foodblogger mumbaistreetfood mouthwatering kuwaitfoodies foodiesofkuwait foodstagram foodoftheday foodstyling foodlovers foodforfoodies fdblogger mumbaistreetfood foodiesofkuwait foodstyling indianexpresskuwait kuwaitfoodies foodblogger foodforfoodies fdblogger foodoftheday mouthwatering farwaniya aldajeej foodstagram foodlovers,0,0.4891,51.09,CORRECT
1853565221793396822,Bm5L7-lA3hW,39175557_291692378086913_332981117877485568_n.jpg,images/0/39175557_291692378086913_332981117877485568_n.jpg,0,"The weather in the morning made me crave  for some hot butter masala Maggiee 😍
.
.
.
How many of you love Maggiee during rain ?
.
.Via @bhukkadintown
.
#shotononeplus#pavbhaji #dwarka#vforveggie#dillifoodies #saadidilli #mumbaifoodies#indianfoodie#hungrydilliwaali#delhifoodwalks #mumbaiigers#indianstreetfood #delhifoodguide #delhitimes #delhibloggers #delhistreetfood #mumbaistreetfood #indianfoodiye #mumbaifoodiye #foodiye #chaibreak #mintsauce #incredibleindia #teatime☕ #indian_photography #maggie #indianstreetfood #maggie",#mumbaistreetfood #mumbaiigers #shotononeplus #indianfoodie #indianstreetfood #vforveggie #saadidilli #mintsauce #mumbaifoodies #chaibreak #foodiye #maggie #delhibloggers #delhifoodwalks #dillifoodies #hungrydilliwaali #☕ #delhitimes #mumbaifoodiye #dwarka #delhistreetfood #incredibleindia #indian_photography #pavbhaji #indianfoodiye #delhifoodguide,"['mumbaistreetfood', 'mumbaiigers', 'shotononeplus', 'indianfoodie', 'indianstreetfood', 'vforveggie', 'saadidilli', 'mintsauce', 'mumbaifoodies', 'chaibreak', 'foodiye', 'maggie', 'delhibloggers', 'delhifoodwalks', 'dillifoodies', 'hungrydilliwaali', '☕', 'delhitimes', 'mumbaifoodiye', 'dwarka', 'delhistreetfood', 'incredibleindia', 'indian_photography', 'pavbhaji', 'indianfoodiye', 'delhifoodguide']","The weather in the morning made me crave  for some hot butter masala Maggiee 😍
.
.
.
How many of you love Maggiee during rain ?
.
.Via @bhukkadintown
.
#shotononeplus#pavbhaji #dwarka#vforveggie#dillifoodies #saadidilli #mumbaifoodies#indianfoodie#hungrydilliwaali#delhifoodwalks #mumbaiigers#indianstreetfood #delhifoodguide #delhitimes #delhibloggers #delhistreetfood #mumbaistreetfood #indianfoodiye #mumbaifoodiye #foodiye #chaibreak #mintsauce #incredibleindia #teatime☕ #indian_photography #maggie #indianstreetfood #maggie #mumbaistreetfood #mumbaiigers #shotononeplus #indianfoodie #indianstreetfood #vforveggie #saadidilli #mintsauce #mumbaifoodies #chaibreak #foodiye #maggie #delhibloggers #delhifoodwalks #dillifoodies #hungrydilliwaali #☕ #delhitimes #mumbaifoodiye #dwarka #delhistreetfood #incredibleindia #indian_photography #pavbhaji #indianfoodiye #delhifoodguide",596,3,1535182214,False,881,78,the weather in the morning made me crave for some hot butter masala maggiee how many of you love maggiee during rain via shotononeplus dwarkavforveggiedillifoodies saadidilli mumbaifoodiesindianfoodiehungrydilliwaalidelhifoodwalks mumbaiigersindianstreetfood delhifoodguide delhitimes delhibloggers delhistreetfood mumbaistreetfood indianfoodiye mumbaifoodiye foodiye chaibreak mintsauce incredibleindia teatime indian photography maggie indianstreetfood maggie mumbaistreetfood mumbaiigers shotononeplus indianfoodie indianstreetfood vforveggie saadidilli mintsauce mumbaifoodies chaibreak foodiye maggie delhibloggers delhifoodwalks dillifoodies hungrydilliwaali delhitimes mumbaifoodiye dwarka delhistreetfood incredibleindia indian photography indianfoodiye delhifoodguide,0,0.1801,81.99,CORRECT
1850736338993419179,BmvIuUKnBOr,38893336_677108565983381_4933725200312172544_n.jpg,images/0/38893336_677108565983381_4933725200312172544_n.jpg,0,"#Repost @appetitesindia (@get_repost)
・・・
Pav bhaji Fondue ♥️ @shuruwatveg
.
.
.
Feel free to dm for any queries🤗
.
.
.
📧appetitesindia@gmail.com
.
.
.
#appetitesindia #dubaifoodie #mocktails #cocktails #mumbaistreetfood #delhi #delhifoodie #insta #burger #pizza #chinese #indian #desserts #vegan #nonveg #mumbaifood #mocktails #cocktailporn #dubai #appetitesindia #foodiegram #chickenwings #mumbaichafoodies #cakes #chats #appetitesindia #fashion #fondue #pavbhaji",#mumbaistreetfood #mumbaichafoodies #delhifoodie #chinese #chickenwings #chats #dubaifoodie #insta #indian #cakes #dubai #Repost #burger #foodiegram #pizza #desserts #fondue #mocktails #cocktailporn #mumbaifood #fashion #cocktails #vegan #nonveg #appetitesindia #pavbhaji #delhi,"['mumbaistreetfood', 'mumbaichafoodies', 'delhifoodie', 'chinese', 'chickenwings', 'chats', 'dubaifoodie', 'insta', 'indian', 'cakes', 'dubai', 'Repost', 'burger', 'foodiegram', 'pizza', 'desserts', 'fondue', 'mocktails', 'cocktailporn', 'mumbaifood', 'fashion', 'cocktails', 'vegan', 'nonveg', 'appetitesindia', 'pavbhaji', 'delhi']","#Repost @appetitesindia (@get_repost)
・・・
Pav bhaji Fondue ♥️ @shuruwatveg
.
.
.
Feel free to dm for any queries🤗
.
.
.
📧appetitesindia@gmail.com
.
.
.
#appetitesindia #dubaifoodie #mocktails #cocktails #mumbaistreetfood #delhi #delhifoodie #insta #burger #pizza #chinese #indian #desserts #vegan #nonveg #mumbaifood #mocktails #cocktailporn #dubai #appetitesindia #foodiegram #chickenwings #mumbaichafoodies #cakes #chats #appetitesindia #fashion #fondue #pavbhaji #mumbaistreetfood #mumbaichafoodies #delhifoodie #chinese #chickenwings #chats #dubaifoodie #insta #indian #cakes #dubai #Repost #burger #foodiegram #pizza #desserts #fondue #mocktails #cocktailporn #mumbaifood #fashion #cocktails #vegan #nonveg #appetitesindia #pavbhaji #delhi",46,1,1534844985,False,744,82,repost fondue feel free to dm for any queries appetitesindia com appetitesindia dubaifoodie mocktails cocktails mumbaistreetfood delhi delhifoodie insta burger pizza chinese indian desserts vegan nonveg mumbaifood mocktails cocktailporn dubai appetitesindia foodiegram chickenwings mumbaichafoodies cakes chats appetitesindia fashion fondue mumbaistreetfood mumbaichafoodies delhifoodie chinese chickenwings chats dubaifoodie insta indian cakes dubai repost burger foodiegram pizza desserts fondue mocktails cocktailporn mumbaifood fashion cocktails vegan nonveg appetitesindia delhi,0,0.1097,89.03,CORRECT
1852010195153209422,BmzqXXKgkhO,38882782_236386617021560_5459332672247562240_n.jpg,images/0/38882782_236386617021560_5459332672247562240_n.jpg,0,"Pretzels are my another new found love. This one is the classic one on which salt is drizzled. .
.
.
.
Pretzels - A type of baked bread made from dough most commonly shaped into a twisted knot. They are basically snack on the go. They either come with or without a topping. In Chandigarh, Aunti Anne’s is a great option for pretzels!!
.
.
.
.
Follow me on Fb and Zomato- Bonappetit_1
#shotononeplus #pavbhaji #dwarka #vforveggie #dillifoodies #saadidilli #mumbaifoodies #indianfoodie #hungrydilliwaali #delhifoodwalks #mumbaiigers #indianstreetfood #delhifoodguide #canada #toronoto #delhistreetfood #mumbaistreetfood #indianfoodiye #mumbaifoodiye #foodiye #chaibreak #mintsauce #incredibleindia #teatime☕ #indian_photography #maggie #indianstreetfood #pretzelbites #pretzels #bonappetit",#mumbaistreetfood #mumbaiigers #shotononeplus #indianfoodie #indianstreetfood #vforveggie #saadidilli #mintsauce #mumbaifoodies #chaibreak #foodiye #maggie #delhifoodwalks #dillifoodies #pretzels #hungrydilliwaali #pretzelbites #☕ #bonappetit #toronoto #mumbaifoodiye #dwarka #delhistreetfood #incredibleindia #indian_photography #pavbhaji #indianfoodiye #delhifoodguide #canada,"['mumbaistreetfood', 'mumbaiigers', 'shotononeplus', 'indianfoodie', 'indianstreetfood', 'vforveggie', 'saadidilli', 'mintsauce', 'mumbaifoodies', 'chaibreak', 'foodiye', 'maggie', 'delhifoodwalks', 'dillifoodies', 'pretzels', 'hungrydilliwaali', 'pretzelbites', '☕', 'bonappetit', 'toronoto', 'mumbaifoodiye', 'dwarka', 'delhistreetfood', 'incredibleindia', 'indian_photography', 'pavbhaji', 'indianfoodiye', 'delhifoodguide', 'canada']","Pretzels are my another new found love. This one is the classic one on which salt is drizzled. .
.
.
.
Pretzels - A type of baked bread made from dough most commonly shaped into a twisted knot. They are basically snack on the go. They either come with or without a topping. In Chandigarh, Aunti Anne’s is a great option for pretzels!!
.
.
.
.
Follow me on Fb and Zomato- Bonappetit_1
#shotononeplus #pavbhaji #dwarka #vforveggie #dillifoodies #saadidilli #mumbaifoodies #indianfoodie #hungrydilliwaali #delhifoodwalks #mumbaiigers #indianstreetfood #delhifoodguide #canada #toronoto #delhistreetfood #mumbaistreetfood #indianfoodiye #mumbaifoodiye #foodiye #chaibreak #mintsauce #incredibleindia #teatime☕ #indian_photography #maggie #indianstreetfood #pretzelbites #pretzels #bonappetit #mumbaistreetfood #mumbaiigers #shotononeplus #indianfoodie #indianstreetfood #vforveggie #saadidilli #mintsauce #mumbaifoodies #chaibreak #foodiye #maggie #delhifoodwalks #dillifoodies #pretzels #hungrydilliwaali #pretzelbites #☕ #bonappetit #toronoto #mumbaifoodiye #dwarka #delhistreetfood #incredibleindia #indian_photography #pavbhaji #indianfoodiye #delhifoodguide #canada",217,6,1534996841,False,1166,134,pretzels are my another new found love this one is the classic one on which salt is drizzled pretzels type of baked bread made from dough most commonly shaped into twisted knot they are basically snack on the go they either come with or without topping in chandigarh aunti anne is great option for pretzels follow me on fb and zomato bonappetit shotononeplus dwarka vforveggie dillifoodies saadidilli mumbaifoodies indianfoodie hungrydilliwaali delhifoodwalks mumbaiigers indianstreetfood delhifoodguide canada toronoto delhistreetfood mumbaistreetfood indianfoodiye mumbaifoodiye foodiye chaibreak mintsauce incredibleindia teatime indian photography maggie indianstreetfood pretzelbites pretzels bonappetit mumbaistreetfood mumbaiigers shotononeplus indianfoodie indianstreetfood vforveggie saadidilli mintsauce mumbaifoodies chaibreak foodiye maggie delhifoodwalks dillifoodies pretzels hungrydilliwaali pretzelbites bonappetit toronoto mumbaifoodiye dwarka delhistreetfood incredibleindia indian photography indianfoodiye delhifoodguide canada,0,0.1316,86.84,CORRECT
1853734660618650736,Bm5ydoyAQRw,38957883_599338577128607_6962741774703919104_n.jpg,images/0/38957883_599338577128607_6962741774703919104_n.jpg,0,"What : Tandoori mahkana (fox nuts)
It is a perfect chakna with drinks plus good for people who are on diet as these are roasted having a perfect crunch. 
This cafe has roof top sitting as well which have beautiful interiors and it also serves some good quality sheesha. .
.
.
Where : Uncultured, Greater Kailash, Delhi.
.
.
.
Price : ₹295
.
.
.
#delhi#delhifoodie#streetfooddelhi#pavbhaji#delhi_igers#foodie#foodgasm#foodphotography#foodlover",#foodlover #foodphotography #delhifoodie #foodie #pavbhaji #delhi #delhi_igers #streetfooddelhi #foodgasm,"['foodlover', 'foodphotography', 'delhifoodie', 'foodie', 'pavbhaji', 'delhi', 'delhi_igers', 'streetfooddelhi', 'foodgasm']","What : Tandoori mahkana (fox nuts)
It is a perfect chakna with drinks plus good for people who are on diet as these are roasted having a perfect crunch. 
This cafe has roof top sitting as well which have beautiful interiors and it also serves some good quality sheesha. .
.
.
Where : Uncultured, Greater Kailash, Delhi.
.
.
.
Price : ₹295
.
.
.
#delhi#delhifoodie#streetfooddelhi#pavbhaji#delhi_igers#foodie#foodgasm#foodphotography#foodlover #foodlover #foodphotography #delhifoodie #foodie #pavbhaji #delhi #delhi_igers #streetfooddelhi #foodgasm",25,0,1535202413,False,548,77,what tandoori mahkana fox nuts it is perfect chakna with drinks plus good for people who are on diet as these are roasted having perfect crunch this cafe has roof top sitting as well which have beautiful interiors and it also serves some good quality sheesha where uncultured greater kailash delhi price 295 delhidelhifoodiestreetfooddelhi delhi igersfoodiefoodgasmfoodphotographyfoodlover foodlover foodphotography delhifoodie foodie delhi delhi igers streetfooddelhi foodgasm,0,0.4165,58.35,CORRECT
1853461046455562611,Bm40QBvAfFz,39578088_2141751729370074_5743761486946238464_n.jpg,images/0/39578088_2141751729370074_5743761486946238464_n.jpg,0,"Oreo Ice Cream Sandwich 😍
Pure bliss is the word for this one!!! Who all love oreo? .
.
.
.
I received so many messages after I uploaded this as my story🙈
Most of them were death threats😂
.
.
.
.
Follow me on Fb and Zomato- Bonappetit_1
#shotononeplus #pavbhaji #dwarka #icecreamlover #dillifoodies #saadidilli #mumbaifoodies #indianfoodie #hungrydilliwaali #delhifoodwalks #mumbaiigers #indianstreetfood #delhifoodguide #delhitimes #delhibloggers #delhistreetfood #mumbaistreetfood #indianfoodiye #mumbaifoodiye #foodiye #chaibreak #icecream #incredibleindia #oreocake #indian_photography #maggie #indianstreetfood #oreoicecream #oreo #bonappetit",#mumbaistreetfood #icecream #mumbaiigers #shotononeplus #indianfoodie #indianstreetfood #icecreamlover #saadidilli #mumbaifoodies #chaibreak #foodiye #maggie #oreocake #delhibloggers #delhifoodwalks #dillifoodies #hungrydilliwaali #oreo #delhitimes #oreoicecream #bonappetit #mumbaifoodiye #dwarka #delhistreetfood #incredibleindia #indian_photography #pavbhaji #indianfoodiye #delhifoodguide,"['mumbaistreetfood', 'icecream', 'mumbaiigers', 'shotononeplus', 'indianfoodie', 'indianstreetfood', 'icecreamlover', 'saadidilli', 'mumbaifoodies', 'chaibreak', 'foodiye', 'maggie', 'oreocake', 'delhibloggers', 'delhifoodwalks', 'dillifoodies', 'hungrydilliwaali', 'oreo', 'delhitimes', 'oreoicecream', 'bonappetit', 'mumbaifoodiye', 'dwarka', 'delhistreetfood', 'incredibleindia', 'indian_photography', 'pavbhaji', 'indianfoodiye', 'delhifoodguide']","Oreo Ice Cream Sandwich 😍
Pure bliss is the word for this one!!! Who all love oreo? .
.
.
.
I received so many messages after I uploaded this as my story🙈
Most of them were death threats😂
.
.
.
.
Follow me on Fb and Zomato- Bonappetit_1
#shotononeplus #pavbhaji #dwarka #icecreamlover #dillifoodies #saadidilli #mumbaifoodies #indianfoodie #hungrydilliwaali #delhifoodwalks #mumbaiigers #indianstreetfood #delhifoodguide #delhitimes #delhibloggers #delhistreetfood #mumbaistreetfood #indianfoodiye #mumbaifoodiye #foodiye #chaibreak #icecream #incredibleindia #oreocake #indian_photography #maggie #indianstreetfood #oreoicecream #oreo #bonappetit #mumbaistreetfood #icecream #mumbaiigers #shotononeplus #indianfoodie #indianstreetfood #icecreamlover #saadidilli #mumbaifoodies #chaibreak #foodiye #maggie #oreocake #delhibloggers #delhifoodwalks #dillifoodies #hungrydilliwaali #oreo #delhitimes #oreoicecream #bonappetit #mumbaifoodiye #dwarka #delhistreetfood #incredibleindia #indian_photography #pavbhaji #indianfoodiye #delhifoodguide",210,10,1535169796,False,1040,109,oreo ice cream sandwich pure bliss is the word for this one who all love oreo received so many messages after uploaded this as my story most of them were death threats follow me on fb and zomato bonappetit shotononeplus dwarka icecreamlover dillifoodies saadidilli mumbaifoodies indianfoodie hungrydilliwaali delhifoodwalks mumbaiigers indianstreetfood delhifoodguide delhitimes delhibloggers delhistreetfood mumbaistreetfood indianfoodiye mumbaifoodiye foodiye chaibreak icecream incredibleindia oreocake indian photography maggie indianstreetfood oreoicecream oreo bonappetit mumbaistreetfood icecream mumbaiigers shotononeplus indianfoodie indianstreetfood icecreamlover saadidilli mumbaifoodies chaibreak foodiye maggie oreocake delhibloggers delhifoodwalks dillifoodies hungrydilliwaali oreo delhitimes oreoicecream bonappetit mumbaifoodiye dwarka delhistreetfood incredibleindia indian photography indianfoodiye delhifoodguide,0,0.0981,90.19,CORRECT
1850946932076198364,Bmv4m2QgDnc,39184817_419875755203254_4059874890889560064_n.jpg,images/1/39184817_419875755203254_4059874890889560064_n.jpg,1,"#pavbhaji 
#bhajipav 
#pav 
#potato 
#onion 
#fastfood 
#streetfood 
#foodporn 
#food 
#foodie 
#foodislife 
#foodgasm 
#foodstagram 
#foodblogger 
#foodblog 
#foods",#foods #foodblogger #food #foodie #streetfood #pavbhaji #onion #bhajipav #pav #potato #foodporn #foodislife #foodblog #fastfood #foodgasm #foodstagram,"['foods', 'foodblogger', 'food', 'foodie', 'streetfood', 'pavbhaji', 'onion', 'bhajipav', 'pav', 'potato', 'foodporn', 'foodislife', 'foodblog', 'fastfood', 'foodgasm', 'foodstagram']","#pavbhaji 
#bhajipav 
#pav 
#potato 
#onion 
#fastfood 
#streetfood 
#foodporn 
#food 
#foodie 
#foodislife 
#foodgasm 
#foodstagram 
#foodblogger 
#foodblog 
#foods #foods #foodblogger #food #foodie #streetfood #pavbhaji #onion #bhajipav #pav #potato #foodporn #foodislife #foodblog #fastfood #foodgasm #foodstagram",63,0,1534870090,False,316,32,potato onion fastfood streetfood foodporn food foodie foodislife foodgasm foodstagram foodblogger foodblog foods foods foodblogger food foodie streetfood onion potato foodporn foodislife foodblog fastfood foodgasm foodstagram,1,0.6734,67.34,CORRECT
1851200185554508961,BmwyMK8HRyh,39383091_213071032895272_1227521070743945216_n.jpg,images/0/39383091_213071032895272_1227521070743945216_n.jpg,0,"Some days you just need pav Bhaji to warm your soul and get ready for the big day tomorrow.
📖 🧒 🎒 
Tomorrow is our first day to school!
Sidd is stepping into second grade and Sahana is starting her journey into elementary school as TK-er. For the summer we packed their days with summer camps, garden projects, house cleaning & closet / toy organizing, vacation to Canada and couple of day/ weekend trips around Bay Area. For the last 10 days we kept them home to watch TV, nap, dig some dirt , build a pond in the backyard and just do nothing. They woke up in their own pace, ate when they wanted and played until they were tired. Overall a great summer 2018 to remember and cherish. 
We look forward a fantastic school year ahead loaded with fun, more friendships and more laughter! .
.
.
.
.
.
.
.
.
#spicesandaroma #vijithashyam #pavbhaji #streetfood #eat #eeeeeats #foodporn #food #foodie #foodislife #comfortfood #madewithlove #dinner #vegetarianrecipes #veggies #veggie #vegg #indianfood #madeathome #cooking #cookingfromscratch #pressurecooker #schoolyear #lastdayofsummer #lastdayofsummerbreak",#lastdayofsummer #vegetarianrecipes #lastdayofsummerbreak #foodie #comfortfood #vegg #pressurecooker #indianfood #cookingfromscratch #spicesandaroma #veggie #cooking #foodporn #madeathome #vijithashyam #schoolyear #foodislife #eeeeeats #veggies #food #eat #madewithlove #dinner #streetfood #pavbhaji,"['lastdayofsummer', 'vegetarianrecipes', 'lastdayofsummerbreak', 'foodie', 'comfortfood', 'vegg', 'pressurecooker', 'indianfood', 'cookingfromscratch', 'spicesandaroma', 'veggie', 'cooking', 'foodporn', 'madeathome', 'vijithashyam', 'schoolyear', 'foodislife', 'eeeeeats', 'veggies', 'food', 'eat', 'madewithlove', 'dinner', 'streetfood', 'pavbhaji']","Some days you just need pav Bhaji to warm your soul and get ready for the big day tomorrow.
📖 🧒 🎒 
Tomorrow is our first day to school!
Sidd is stepping into second grade and Sahana is starting her journey into elementary school as TK-er. For the summer we packed their days with summer camps, garden projects, house cleaning & closet / toy organizing, vacation to Canada and couple of day/ weekend trips around Bay Area. For the last 10 days we kept them home to watch TV, nap, dig some dirt , build a pond in the backyard and just do nothing. They woke up in their own pace, ate when they wanted and played until they were tired. Overall a great summer 2018 to remember and cherish. 
We look forward a fantastic school year ahead loaded with fun, more friendships and more laughter! .
.
.
.
.
.
.
.
.
#spicesandaroma #vijithashyam #pavbhaji #streetfood #eat #eeeeeats #foodporn #food #foodie #foodislife #comfortfood #madewithlove #dinner #vegetarianrecipes #veggies #veggie #vegg #indianfood #madeathome #cooking #cookingfromscratch #pressurecooker #schoolyear #lastdayofsummer #lastdayofsummerbreak #lastdayofsummer #vegetarianrecipes #lastdayofsummerbreak #foodie #comfortfood #vegg #pressurecooker #indianfood #cookingfromscratch #spicesandaroma #veggie #cooking #foodporn #madeathome #vijithashyam #schoolyear #foodislife #eeeeeats #veggies #food #eat #madewithlove #dinner #streetfood #pavbhaji",56,2,1534900280,False,1402,205,some days you just need to warm your soul and get ready for the big day tomorrow tomorrow is our first day to school sidd is stepping into second grade and sahana is starting her journey into elementary school as tk er for the summer we packed their days with summer camps garden projects house cleaning closet toy organizing vacation to canada and couple of day weekend trips around bay area for the last 10 days we kept them home to watch tv nap dig some dirt build pond in the backyard and just do nothing they woke up in their own pace ate when they wanted and played until they were tired overall great summer 2018 to remember and cherish we look forward fantastic school year ahead loaded with fun more friendships and more laughter spicesandaroma vijithashyam streetfood eat eeeeeats foodporn food foodie foodislife comfortfood madewithlove dinner vegetarianrecipes veggies veggie vegg indianfood madeathome cooking cookingfromscratch pressurecooker schoolyear lastdayofsummer lastdayofsummerbreak lastdayofsummer vegetarianrecipes lastdayofsummerbreak foodie comfortfood vegg pressurecooker indianfood cookingfromscratch spicesandaroma veggie cooking foodporn madeathome vijithashyam schoolyear foodislife eeeeeats veggies food eat madewithlove dinner streetfood,0,0.4361,56.39,CORRECT
1853822292205684643,Bm6GY2Dnsej,39392941_478651085958764_5312814218041360384_n.jpg,images/1/39392941_478651085958764_5312814218041360384_n.jpg,1,"Kyuki ghar ka khana b jaroori he 🤪🤪🤪
.
.
#saturdaywibes⚡ #weekendfuntime #lunchscenes🍴 #latepost✌ #pavbhaji #mummykapyaar #mumbaiyastyle #mumbaiyastylefood #foodie #foodiegram #foodporn #foodpornography #instatime #instaclick📷 #",#instatime #mumbaiyastyle #mumbaiyastylefood #foodpornography #weekendfuntime #foodie #✌ #pavbhaji #mummykapyaar #foodiegram #instaclick #⚡ #foodporn #lunchscenes,"['instatime', 'mumbaiyastyle', 'mumbaiyastylefood', 'foodpornography', 'weekendfuntime', 'foodie', '✌', 'pavbhaji', 'mummykapyaar', 'foodiegram', 'instaclick', '⚡', 'foodporn', 'lunchscenes']","Kyuki ghar ka khana b jaroori he 🤪🤪🤪
.
.
#saturdaywibes⚡ #weekendfuntime #lunchscenes🍴 #latepost✌ #pavbhaji #mummykapyaar #mumbaiyastyle #mumbaiyastylefood #foodie #foodiegram #foodporn #foodpornography #instatime #instaclick📷 # #instatime #mumbaiyastyle #mumbaiyastylefood #foodpornography #weekendfuntime #foodie #✌ #pavbhaji #mummykapyaar #foodiegram #instaclick #⚡ #foodporn #lunchscenes",61,4,1535212860,False,391,39,kyuki ghar ka khana jaroori he saturdaywibes weekendfuntime lunchscenes latepost mummykapyaar mumbaiyastyle mumbaiyastylefood foodie foodiegram foodporn foodpornography instatime instaclick instatime mumbaiyastyle mumbaiyastylefood foodpornography weekendfuntime foodie mummykapyaar foodiegram instaclick foodporn lunchscenes,0,0.4972,50.28,MISCLASSIFIED
1850951458216867579,Bmv5otjgfb7,39022312_2137522666507125_6855489487770746880_n.jpg,images/1/39022312_2137522666507125_6855489487770746880_n.jpg,1,"Pav Bhaji 
#pavbhaji is a fast food dish from India, consisting of a thick vegetable curry, fried and served with a soft bread roll. @amrutsagarrestaurant
#foodblogger #foodexplorer #foodie #food #foodphotography #foodporn #canonphoto #canonphotography #canon #1855 #amrutsagarfastfood #fastfood #dslr #whitesharkhphotography #whitesharkh",#amrutsagarfastfood #canonphoto #canonphotography #foodphotography #foodblogger #food #foodie #dslr #foodexplorer #pavbhaji #canon #whitesharkh #whitesharkhphotography #1855 #foodporn #fastfood,"['amrutsagarfastfood', 'canonphoto', 'canonphotography', 'foodphotography', 'foodblogger', 'food', 'foodie', 'dslr', 'foodexplorer', 'pavbhaji', 'canon', 'whitesharkh', 'whitesharkhphotography', '1855', 'foodporn', 'fastfood']","Pav Bhaji 
#pavbhaji is a fast food dish from India, consisting of a thick vegetable curry, fried and served with a soft bread roll. @amrutsagarrestaurant
#foodblogger #foodexplorer #foodie #food #foodphotography #foodporn #canonphoto #canonphotography #canon #1855 #amrutsagarfastfood #fastfood #dslr #whitesharkhphotography #whitesharkh #amrutsagarfastfood #canonphoto #canonphotography #foodphotography #foodblogger #food #foodie #dslr #foodexplorer #pavbhaji #canon #whitesharkh #whitesharkhphotography #1855 #foodporn #fastfood",38,1,1534870630,False,532,56,is fast food dish from india consisting of thick vegetable curry fried and served with soft bread roll foodblogger foodexplorer foodie food foodphotography foodporn canonphoto canonphotography canon 1855 amrutsagarfastfood fastfood dslr whitesharkhphotography whitesharkh amrutsagarfastfood canonphoto canonphotography foodphotography foodblogger food foodie dslr foodexplorer canon whitesharkh whitesharkhphotography 1855 foodporn fastfood,1,0.6493,64.93,CORRECT
1852333700252403560,Bm0z6-xB4do,39079210_569338670148881_3677972532142538752_n.jpg,images/0/39079210_569338670148881_3677972532142538752_n.jpg,0,#pavbhaji #foodie #foodpics #food #foodgram #foodgasm #homemade,#foodgram #food #foodie #pavbhaji #foodpics #foodgasm #homemade,"['foodgram', 'food', 'foodie', 'pavbhaji', 'foodpics', 'foodgasm', 'homemade']",#pavbhaji #foodie #foodpics #food #foodgram #foodgasm #homemade #foodgram #food #foodie #pavbhaji #foodpics #foodgasm #homemade,17,0,1535035406,False,127,14,foodie foodpics food foodgram foodgasm homemade foodgram food foodie foodpics foodgasm homemade,1,0.6703,67.03,MISCLASSIFIED
1852193961108852801,Bm0UJgjBFBB,37547395_1864497336960513_2673562200538349568_n.jpg,images/1/37547395_1864497336960513_2673562200538349568_n.jpg,1,Cheese Pav Bhaji 💣 #bomb #cheese #pavbhaji #bombayeats #hadtobedone #tradition #thebest #streetfood #sogood #foodporn #lastday #bombay #motherland #India,#hadtobedone #India #bomb #thebest #bombay #streetfood #pavbhaji #bombayeats #motherland #lastday #foodporn #cheese #tradition #sogood,"['hadtobedone', 'India', 'bomb', 'thebest', 'bombay', 'streetfood', 'pavbhaji', 'bombayeats', 'motherland', 'lastday', 'foodporn', 'cheese', 'tradition', 'sogood']",Cheese Pav Bhaji 💣 #bomb #cheese #pavbhaji #bombayeats #hadtobedone #tradition #thebest #streetfood #sogood #foodporn #lastday #bombay #motherland #India #hadtobedone #India #bomb #thebest #bombay #streetfood #pavbhaji #bombayeats #motherland #lastday #foodporn #cheese #tradition #sogood,22,1,1535018747,False,288,32,cheese bomb cheese bombayeats hadtobedone tradition thebest streetfood sogood foodporn lastday bombay motherland india hadtobedone india bomb thebest bombay streetfood bombayeats motherland lastday foodporn cheese tradition sogood,0,0.4856,51.44,MISCLASSIFIED
1852720649030961820,Bm2L505hYqc,38927983_2157438141179976_1233717235378290688_n.jpg,images/0/38927983_2157438141179976_1233717235378290688_n.jpg,0,"People say EAT TO LIVE
We say LIVE TO EAT!! 😁
Pc :@pune_food_blogger

Cheese Masala Pav, 
at Shree Samarth Stall, 
Camp, 
Pune😍

Details :
Price : ₹50 
#punefoodblogger #pune_food_blogger #food #foodporn #instafood #foodie #picoftheday #punecity #puneri #brand #punefood #puneinstagrammers #breakfast #punekar #punebrand #indianfood #likeforfollow #lunch #followforfollow #foodblogger #follow4follow #india #maharashtra #dinner #pimprichinchwad #shoutout #foodinpune #indianfood  #pavbhaji #pune_food_blogger
#the_beard_foodies",#follow4follow #foodblogger #puneinstagrammers #foodie #maharashtra #followforfollow #lunch #indianfood #punebrand #pune_food_blogger #shoutout #instafood #punecity #foodporn #brand #likeforfollow #punefoodblogger #india #punefood #punekar #breakfast #picoftheday #pimprichinchwad #puneri #food #foodinpune #dinner #pavbhaji #the_beard_foodies,"['follow4follow', 'foodblogger', 'puneinstagrammers', 'foodie', 'maharashtra', 'followforfollow', 'lunch', 'indianfood', 'punebrand', 'pune_food_blogger', 'shoutout', 'instafood', 'punecity', 'foodporn', 'brand', 'likeforfollow', 'punefoodblogger', 'india', 'punefood', 'punekar', 'breakfast', 'picoftheday', 'pimprichinchwad', 'puneri', 'food', 'foodinpune', 'dinner', 'pavbhaji', 'the_beard_foodies']","People say EAT TO LIVE
We say LIVE TO EAT!! 😁
Pc :@pune_food_blogger

Cheese Masala Pav, 
at Shree Samarth Stall, 
Camp, 
Pune😍

Details :
Price : ₹50 
#punefoodblogger #pune_food_blogger #food #foodporn #instafood #foodie #picoftheday #punecity #puneri #brand #punefood #puneinstagrammers #breakfast #punekar #punebrand #indianfood #likeforfollow #lunch #followforfollow #foodblogger #follow4follow #india #maharashtra #dinner #pimprichinchwad #shoutout #foodinpune #indianfood  #pavbhaji #pune_food_blogger
#the_beard_foodies #follow4follow #foodblogger #puneinstagrammers #foodie #maharashtra #followforfollow #lunch #indianfood #punebrand #pune_food_blogger #shoutout #instafood #punecity #foodporn #brand #likeforfollow #punefoodblogger #india #punefood #punekar #breakfast #picoftheday #pimprichinchwad #puneri #food #foodinpune #dinner #pavbhaji #the_beard_foodies",338,2,1535081534,False,871,87,people say eat to live we say live to eat pc cheese masala at shree samarth stall camp pune details price 50 punefoodblogger pune food blogger food foodporn instafood foodie picoftheday punecity puneri brand punefood puneinstagrammers breakfast punekar punebrand indianfood likeforfollow lunch followforfollow foodblogger follow4follow india maharashtra dinner pimprichinchwad shoutout foodinpune indianfood pune food blogger the beard foodies follow4follow foodblogger puneinstagrammers foodie maharashtra followforfollow lunch indianfood punebrand pune food blogger shoutout instafood punecity foodporn brand likeforfollow punefoodblogger india punefood punekar breakfast picoftheday pimprichinchwad puneri food foodinpune dinner the beard foodies,0,0.4762,52.38,CORRECT
1852238099843492857,Bm0eLz8nav5,39882980_669910833387724_1154465313421524992_n.jpg,images/1/39882980_669910833387724_1154465313421524992_n.jpg,1,"Its 5:03pm.
Perfect evening snack ✨
All fhe pav bhaji lovers commebt below and let me know ♥️♥️
#living247
#northindian #buzzfeedfood #feedfeed #huffposttaste
#foodprnshare#f52gram #foodphotography #foodstagram #eatfayymous #goodenergy #hytappyutummy #foodie #picoftheday #foodporn #hufflepuffpride #tagsforlikyes #eatingfortheinsta #nomnom #instagood #foodblogger #likeme #vscofood #food #goodevening #pavbhaji 😁",#foodphotography #foodblogger #foodie #eatfayymous #hufflepuffpride #eatingfortheinsta #living247 #foodporn #goodenergy #goodevening #hytappyutummy #northindian #likeme #nomnom #f52gram #foodstagram #instagood #picoftheday #foodprnshare #tagsforlikyes #food #buzzfeedfood #feedfeed #pavbhaji #huffposttaste #vscofood,"['foodphotography', 'foodblogger', 'foodie', 'eatfayymous', 'hufflepuffpride', 'eatingfortheinsta', 'living247', 'foodporn', 'goodenergy', 'goodevening', 'hytappyutummy', 'northindian', 'likeme', 'nomnom', 'f52gram', 'foodstagram', 'instagood', 'picoftheday', 'foodprnshare', 'tagsforlikyes', 'food', 'buzzfeedfood', 'feedfeed', 'pavbhaji', 'huffposttaste', 'vscofood']","Its 5:03pm.
Perfect evening snack ✨
All fhe pav bhaji lovers commebt below and let me know ♥️♥️
#living247
#northindian #buzzfeedfood #feedfeed #huffposttaste
#foodprnshare#f52gram #foodphotography #foodstagram #eatfayymous #goodenergy #hytappyutummy #foodie #picoftheday #foodporn #hufflepuffpride #tagsforlikyes #eatingfortheinsta #nomnom #instagood #foodblogger #likeme #vscofood #food #goodevening #pavbhaji 😁 #foodphotography #foodblogger #foodie #eatfayymous #hufflepuffpride #eatingfortheinsta #living247 #foodporn #goodenergy #goodevening #hytappyutummy #northindian #likeme #nomnom #f52gram #foodstagram #instagood #picoftheday #foodprnshare #tagsforlikyes #food #buzzfeedfood #feedfeed #pavbhaji #huffposttaste #vscofood",176,4,1535024009,False,730,70,its 03pm perfect evening snack all fhe lovers commebt below and let me know living247 northindian buzzfeedfood feedfeed huffposttaste foodprnsharef52gram foodphotography foodstagram eatfayymous goodenergy hytappyutummy foodie picoftheday foodporn hufflepuffpride tagsforlikyes eatingfortheinsta nomnom instagood foodblogger likeme vscofood food goodevening foodphotography foodblogger foodie eatfayymous hufflepuffpride eatingfortheinsta living247 foodporn goodenergy goodevening hytappyutummy northindian likeme nomnom f52gram foodstagram instagood picoftheday foodprnshare tagsforlikyes food buzzfeedfood feedfeed huffposttaste vscofood,1,0.5293,52.93,CORRECT
1853876255508540337,Bm6SqHTHiux,39508546_1547992755302245_3058338111449726976_n.jpg,images/0/39508546_1547992755302245_3058338111449726976_n.jpg,0,"My dinner scenes 🙈
Chicken biryani and Kebab roll😋
.
.
.
Follow @dilli_ki_teekhi_mirchi .
.
.
@zingyzest 
@saadidilli 
@thegreatindianfoodie 
@khaata_rahe_mera_dil 
@khau_gali_foodie 
@dillifoodjunkie 
@foodiebaniya 
@dilsefoodie 
@dillikabhukkad 
@whatdillieats 
@bhukkhadbybirth 
@delhifoodwalks 
@dillifoodies 
@thefood.vlogger 
@delhidelites 
@hungrydilliwaali 
@dilli_ke_pakwan 
@khane_pe_charchaaa 
@eatwith_pratik 
@eatreviewrepeat 
@_adatewithfood_ 
@tasteofgirl 
@saalafoodie 
@v_for_veggie 
@hunger_killer_ 
@getmemorefood 
@myhungerhikes 
@delhi_eats 
#chicken #chickenwings #chickenbiryani #kebabs #kebabshop #kebab #chickennuggets #chickenrecipes #chickens #kababrolls #rolls #iphone #foodporn #foodgasm #foodtalkindia #nepal #westbengal #mumbaifoodie #delhifoodie #bengluru #sokolkata #delhifoodblogger #pavbhaji #indianfood #platter #delhieater #nomnom #nom #delhifoodies",#westbengal #iphone #delhifoodie #rolls #sokolkata #chickennuggets #mumbaifoodie #indianfood #chickenwings #chicken #chickenrecipes #kebab #kebabshop #chickens #delhieater #foodporn #platter #nomnom #nepal #chickenbiryani #kababrolls #bengluru #kebabs #delhifoodies #nom #delhifoodblogger #pavbhaji #foodtalkindia #foodgasm,"['westbengal', 'iphone', 'delhifoodie', 'rolls', 'sokolkata', 'chickennuggets', 'mumbaifoodie', 'indianfood', 'chickenwings', 'chicken', 'chickenrecipes', 'kebab', 'kebabshop', 'chickens', 'delhieater', 'foodporn', 'platter', 'nomnom', 'nepal', 'chickenbiryani', 'kababrolls', 'bengluru', 'kebabs', 'delhifoodies', 'nom', 'delhifoodblogger', 'pavbhaji', 'foodtalkindia', 'foodgasm']","My dinner scenes 🙈
Chicken biryani and Kebab roll😋
.
.
.
Follow @dilli_ki_teekhi_mirchi .
.
.
@zingyzest 
@saadidilli 
@thegreatindianfoodie 
@khaata_rahe_mera_dil 
@khau_gali_foodie 
@dillifoodjunkie 
@foodiebaniya 
@dilsefoodie 
@dillikabhukkad 
@whatdillieats 
@bhukkhadbybirth 
@delhifoodwalks 
@dillifoodies 
@thefood.vlogger 
@delhidelites 
@hungrydilliwaali 
@dilli_ke_pakwan 
@khane_pe_charchaaa 
@eatwith_pratik 
@eatreviewrepeat 
@_adatewithfood_ 
@tasteofgirl 
@saalafoodie 
@v_for_veggie 
@hunger_killer_ 
@getmemorefood 
@myhungerhikes 
@delhi_eats 
#chicken #chickenwings #chickenbiryani #kebabs #kebabshop #kebab #chickennuggets #chickenrecipes #chickens #kababrolls #rolls #iphone #foodporn #foodgasm #foodtalkindia #nepal #westbengal #mumbaifoodie #delhifoodie #bengluru #sokolkata #delhifoodblogger #pavbhaji #indianfood #platter #delhieater #nomnom #nom #delhifoodies #westbengal #iphone #delhifoodie #rolls #sokolkata #chickennuggets #mumbaifoodie #indianfood #chickenwings #chicken #chickenrecipes #kebab #kebabshop #chickens #delhieater #foodporn #platter #nomnom #nepal #chickenbiryani #kababrolls #bengluru #kebabs #delhifoodies #nom #delhifoodblogger #pavbhaji #foodtalkindia #foodgasm",91,0,1535219293,False,1210,103,my dinner scenes chicken biryani and kebab roll follow vlogger chicken chickenwings chickenbiryani kebabs kebabshop kebab chickennuggets chickenrecipes chickens kababrolls rolls iphone foodporn foodgasm foodtalkindia nepal westbengal mumbaifoodie delhifoodie bengluru sokolkata delhifoodblogger indianfood platter delhieater nomnom nom delhifoodies westbengal iphone delhifoodie rolls sokolkata chickennuggets mumbaifoodie indianfood chickenwings chicken chickenrecipes kebab kebabshop chickens delhieater foodporn platter nomnom nepal chickenbiryani kababrolls bengluru kebabs delhifoodies nom delhifoodblogger foodtalkindia foodgasm,0,0.1032,89.68,CORRECT
1851488926759760349,Bmxz16JFbHd,38835536_239392516777735_5771588674546302976_n.jpg,images/0/38835536_239392516777735_5771588674546302976_n.jpg,0,#bombaytimes #misal #vadapav #pavbhaji superb #mumbaistreetfood in #dubai must go✌️✌️✌️,#mumbaistreetfood #vadapav #misal #pavbhaji #bombaytimes #dubai,"['mumbaistreetfood', 'vadapav', 'misal', 'pavbhaji', 'bombaytimes', 'dubai']",#bombaytimes #misal #vadapav #pavbhaji superb #mumbaistreetfood in #dubai must go✌️✌️✌️ #mumbaistreetfood #vadapav #misal #pavbhaji #bombaytimes #dubai,44,2,1534934701,False,151,16,bombaytimes misal vadapav superb mumbaistreetfood in dubai must go mumbaistreetfood vadapav misal bombaytimes dubai,0,0.3182,68.18,CORRECT
1851669565877236138,Bmyc6jbg7Gq,38467931_228495541164776_479336925967155200_n.jpg,images/0/38467931_228495541164776_479336925967155200_n.jpg,0,"Gulab Jamun
Tag gulab jamun lovers😍
Pav bhaji🍛
.
.
.
Yummy 
Tasty
.
.
. chocolates
.
.
Gulab. Jamun#pavbhaji#chocolates#sugar#syrup#dipped#milk essence#flour#bread#pavbahjispices#lemon#squeezed#😋😋",#squeezed #lemon #pavbahjispices #bread #milk #pavbhaji #flour #syrup #dipped #chocolates #sugar,"['squeezed', 'lemon', 'pavbahjispices', 'bread', 'milk', 'pavbhaji', 'flour', 'syrup', 'dipped', 'chocolates', 'sugar']","Gulab Jamun
Tag gulab jamun lovers😍
Pav bhaji🍛
.
.
.
Yummy 
Tasty
.
.
. chocolates
.
.
Gulab. Jamun#pavbhaji#chocolates#sugar#syrup#dipped#milk essence#flour#bread#pavbahjispices#lemon#squeezed#😋😋 #squeezed #lemon #pavbahjispices #bread #milk #pavbhaji #flour #syrup #dipped #chocolates #sugar",14,1,1534956235,False,293,33,gulab jamun tag gulab jamun lovers yummy tasty chocolates gulab jamun chocolatessugarsyrupdippedmilk essenceflourbreadpavbahjispiceslemonsqueezed squeezed lemon pavbahjispices bread milk flour syrup dipped chocolates sugar,1,0.5228,52.28,MISCLASSIFIED
1852022756380731138,BmztOJuA2cC,39073884_303948433745399_5027159035560853504_n.jpg,images/0/39073884_303948433745399_5027159035560853504_n.jpg,0,"सर्वात लोकप्रिय ठरलेले हे अस्सल मराठमोळी ‘फास्ट फूड’ म्हणजेच वडा व पावची ही भन्नाट जोडी. चटकदार अन अतरंगी असा हा कड्ड्क चा बजरंगी वडापाव खवय्यांच्या सेवेत हजर आहे
लोकांना प्रेमाने खाऊ घालणं म्हणजे काय, याचा अनुभव घ्यायचा असेल तर हा वडापाव खायला जरूर या.
#foodpics #breakfast #delish #instafood #instagood #tasty #foodpic #hot #eat #amazing #hungry #sweet #eating #foods #dinner #delicious #foodporn #fresh #yummy #yum #food #photooftheday #lunch #foodgasm #vadapav #misal #pavbhaji",#vadapav #hot #eating #foodpics #delicious #lunch #amazing #delish #hungry #photooftheday #instafood #foodporn #fresh #yum #sweet #yummy #breakfast #instagood #foodpic #foods #food #tasty #eat #dinner #misal #pavbhaji #foodgasm,"['vadapav', 'hot', 'eating', 'foodpics', 'delicious', 'lunch', 'amazing', 'delish', 'hungry', 'photooftheday', 'instafood', 'foodporn', 'fresh', 'yum', 'sweet', 'yummy', 'breakfast', 'instagood', 'foodpic', 'foods', 'food', 'tasty', 'eat', 'dinner', 'misal', 'pavbhaji', 'foodgasm']","सर्वात लोकप्रिय ठरलेले हे अस्सल मराठमोळी ‘फास्ट फूड’ म्हणजेच वडा व पावची ही भन्नाट जोडी. चटकदार अन अतरंगी असा हा कड्ड्क चा बजरंगी वडापाव खवय्यांच्या सेवेत हजर आहे
लोकांना प्रेमाने खाऊ घालणं म्हणजे काय, याचा अनुभव घ्यायचा असेल तर हा वडापाव खायला जरूर या.
#foodpics #breakfast #delish #instafood #instagood #tasty #foodpic #hot #eat #amazing #hungry #sweet #eating #foods #dinner #delicious #foodporn #fresh #yummy #yum #food #photooftheday #lunch #foodgasm #vadapav #misal #pavbhaji #vadapav #hot #eating #foodpics #delicious #lunch #amazing #delish #hungry #photooftheday #instafood #foodporn #fresh #yum #sweet #yummy #breakfast #instagood #foodpic #foods #food #tasty #eat #dinner #misal #pavbhaji #foodgasm",37,0,1534998338,False,709,98,foodpics breakfast delish instafood instagood tasty foodpic hot eat amazing hungry sweet eating foods dinner delicious foodporn fresh yummy yum food photooftheday lunch foodgasm vadapav misal vadapav hot eating foodpics delicious lunch amazing delish hungry photooftheday instafood foodporn fresh yum sweet yummy breakfast instagood foodpic foods food tasty eat dinner misal foodgasm,0,0.3829,61.71,CORRECT
1851324438689564302,BmxOcSsF0aO,38890044_903788303157010_4294352883748438016_n.jpg,images/1/38890044_903788303157010_4294352883748438016_n.jpg,1,"Full circle of happiness.
.
.
Butter loaded Pav bhaji.👌🏻
.
.
#beautifulfoodie #Foodtalkindia #streetfood #foodie #sodelhi #pavbhaji #streetfoodindia #maharashtrafood #india #foodblogger #like #like4like #likeforlikes #follows #followforfollow #followme #vsco #foodgram #foodporn #alooparatha #sunday #weekend #nomnomnom #tasty #chileybhaturey #pooricholey #cornersweets #ramshnagar #foodporn #foodie #delhifoodie",#beautifulfoodie #foodgram #chileybhaturey #foodblogger #delhifoodie #foodie #followme #follows #nomnomnom #followforfollow #Foodtalkindia #weekend #sunday #ramshnagar #foodporn #streetfoodindia #like #maharashtrafood #vsco #alooparatha #india #cornersweets #pooricholey #tasty #streetfood #pavbhaji #likeforlikes #sodelhi #like4like,"['beautifulfoodie', 'foodgram', 'chileybhaturey', 'foodblogger', 'delhifoodie', 'foodie', 'followme', 'follows', 'nomnomnom', 'followforfollow', 'Foodtalkindia', 'weekend', 'sunday', 'ramshnagar', 'foodporn', 'streetfoodindia', 'like', 'maharashtrafood', 'vsco', 'alooparatha', 'india', 'cornersweets', 'pooricholey', 'tasty', 'streetfood', 'pavbhaji', 'likeforlikes', 'sodelhi', 'like4like']","Full circle of happiness.
.
.
Butter loaded Pav bhaji.👌🏻
.
.
#beautifulfoodie #Foodtalkindia #streetfood #foodie #sodelhi #pavbhaji #streetfoodindia #maharashtrafood #india #foodblogger #like #like4like #likeforlikes #follows #followforfollow #followme #vsco #foodgram #foodporn #alooparatha #sunday #weekend #nomnomnom #tasty #chileybhaturey #pooricholey #cornersweets #ramshnagar #foodporn #foodie #delhifoodie #beautifulfoodie #foodgram #chileybhaturey #foodblogger #delhifoodie #foodie #followme #follows #nomnomnom #followforfollow #Foodtalkindia #weekend #sunday #ramshnagar #foodporn #streetfoodindia #like #maharashtrafood #vsco #alooparatha #india #cornersweets #pooricholey #tasty #streetfood #pavbhaji #likeforlikes #sodelhi #like4like",1047,13,1534915092,False,746,72,full circle of happiness butter loaded beautifulfoodie foodtalkindia streetfood foodie sodelhi streetfoodindia maharashtrafood india foodblogger like like4like likeforlikes follows followforfollow followme vsco foodgram foodporn alooparatha sunday weekend nomnomnom tasty chileybhaturey pooricholey cornersweets ramshnagar foodporn foodie delhifoodie beautifulfoodie foodgram chileybhaturey foodblogger delhifoodie foodie followme follows nomnomnom followforfollow foodtalkindia weekend sunday ramshnagar foodporn streetfoodindia like maharashtrafood vsco alooparatha india cornersweets pooricholey tasty streetfood likeforlikes sodelhi like4like,1,0.5542,55.42,CORRECT
1855041345993588093,Bm-bkaXnD19,39110966_551986135251881_2926386549929017344_n.jpg,images/0/39110966_551986135251881_2926386549929017344_n.jpg,0,"Today's lunch menu

Tawa pulao  _ is a famous Mumbai street food .It is an easy rice item which you can quickly prepare on tawa .I came across this recipe in Tarladalal's cook book. *You can prepare this recipe with left over rice too.
*Once the chopping is done ,pulao gets ready in minutes.
*Do not over cook the vegetables.Its should be crispy .
*Add any veggies of your choice.
* I have used beans,carrot ,capsicum,green peas,paneer.You can include baby corn,cauliflower,potatoes.

Recipe in the blog.

#easyrecipe,#pulao,#indianrice,#ricerecipe,#tawapulao,#easypulao,#mumbaistreetfood,#indianfoodblogger,#vegetable,#vegrecipes,#desikhana,#mumbaifood ,#pavbhaji,#whaticook,#whatsonmytable,#beautifulcusine,#cookinglight,#xiaomiclicks,#foodpron,#foodgasm,#bangalorefoodbloggers,#lunchmenu",#mumbaistreetfood #cookinglight #pulao #tawapulao #vegrecipes #whatsonmytable #ricerecipe #easyrecipe #beautifulcusine #whaticook #indianrice #bangalorefoodbloggers #indianfoodblogger #easypulao #lunchmenu #mumbaifood #vegetable #desikhana #xiaomiclicks #pavbhaji #foodgasm #foodpron,"['mumbaistreetfood', 'cookinglight', 'pulao', 'tawapulao', 'vegrecipes', 'whatsonmytable', 'ricerecipe', 'easyrecipe', 'beautifulcusine', 'whaticook', 'indianrice', 'bangalorefoodbloggers', 'indianfoodblogger', 'easypulao', 'lunchmenu', 'mumbaifood', 'vegetable', 'desikhana', 'xiaomiclicks', 'pavbhaji', 'foodgasm', 'foodpron']","Today's lunch menu

Tawa pulao  _ is a famous Mumbai street food .It is an easy rice item which you can quickly prepare on tawa .I came across this recipe in Tarladalal's cook book. *You can prepare this recipe with left over rice too.
*Once the chopping is done ,pulao gets ready in minutes.
*Do not over cook the vegetables.Its should be crispy .
*Add any veggies of your choice.
* I have used beans,carrot ,capsicum,green peas,paneer.You can include baby corn,cauliflower,potatoes.

Recipe in the blog.

#easyrecipe,#pulao,#indianrice,#ricerecipe,#tawapulao,#easypulao,#mumbaistreetfood,#indianfoodblogger,#vegetable,#vegrecipes,#desikhana,#mumbaifood ,#pavbhaji,#whaticook,#whatsonmytable,#beautifulcusine,#cookinglight,#xiaomiclicks,#foodpron,#foodgasm,#bangalorefoodbloggers,#lunchmenu #mumbaistreetfood #cookinglight #pulao #tawapulao #vegrecipes #whatsonmytable #ricerecipe #easyrecipe #beautifulcusine #whaticook #indianrice #bangalorefoodbloggers #indianfoodblogger #easypulao #lunchmenu #mumbaifood #vegetable #desikhana #xiaomiclicks #pavbhaji #foodgasm #foodpron",19,4,1535358182,False,1075,109,today lunch menu tawa pulao is famous mumbai street food it is an easy rice item which you can quickly prepare on tawa came across this recipe in tarladalal cook book you can prepare this recipe with left over rice too once the chopping is done pulao gets ready in minutes do not over cook the vegetables its should be crispy add any veggies of your choice have used beans carrot capsicum green peas paneer you can include baby corn cauliflower potatoes recipe in the blog easyrecipe pulao indianrice ricerecipe tawapulao easypulao mumbaistreetfood indianfoodblogger vegetable vegrecipes desikhana mumbaifood whaticook whatsonmytable beautifulcusine cookinglight xiaomiclicks foodpron foodgasm bangalorefoodbloggers lunchmenu mumbaistreetfood cookinglight pulao tawapulao vegrecipes whatsonmytable ricerecipe easyrecipe beautifulcusine whaticook indianrice bangalorefoodbloggers indianfoodblogger easypulao lunchmenu mumbaifood vegetable desikhana xiaomiclicks foodgasm foodpron,1,0.6239,62.39,MISCLASSIFIED
1850782436733334281,BmvTNICBbMJ,39100754_1947549882212112_4052821742840709120_n.jpg,images/0/39100754_1947549882212112_4052821742840709120_n.jpg,0,"pav bhaji originated in the 1850s as a fast lunchtime dish for textile mill workers in Mumbai.. latter become the favorite evening snack for half of the indian population. 
#pavbhaji #bangalorestreetfood #kidsfavorite #indianstreetfood #foodie #foodlover #Foodblogger #FoodPics #foodporn #foodgasm #foodoftheday",#foodlover #Foodblogger #foodgasm #foodoftheday #foodie #pavbhaji #indianstreetfood #bangalorestreetfood #foodporn #FoodPics #kidsfavorite,"['foodlover', 'Foodblogger', 'foodgasm', 'foodoftheday', 'foodie', 'pavbhaji', 'indianstreetfood', 'bangalorestreetfood', 'foodporn', 'FoodPics', 'kidsfavorite']","pav bhaji originated in the 1850s as a fast lunchtime dish for textile mill workers in Mumbai.. latter become the favorite evening snack for half of the indian population. 
#pavbhaji #bangalorestreetfood #kidsfavorite #indianstreetfood #foodie #foodlover #Foodblogger #FoodPics #foodporn #foodgasm #foodoftheday #foodlover #Foodblogger #foodgasm #foodoftheday #foodie #pavbhaji #indianstreetfood #bangalorestreetfood #foodporn #FoodPics #kidsfavorite",9,0,1534850481,False,450,51,originated in the 1850s as fast lunchtime dish for textile mill workers in mumbai latter become the favorite evening snack for half of the indian population bangalorestreetfood kidsfavorite indianstreetfood foodie foodlover foodblogger foodpics foodporn foodgasm foodoftheday foodlover foodblogger foodgasm foodoftheday foodie indianstreetfood bangalorestreetfood foodporn foodpics kidsfavorite,1,0.7233,72.33,MISCLASSIFIED
